overall_percentage,consecutive_absences,monday_absences,total_classes,present_classes,at_risk,risk_score
54.0,0,17,47,25,1,0.87
50.6,12,4,35,17,1,0.92
64.1,7,13,45,28,1,0.61
57.0,9,19,51,29,1,0.89
34.9,4,18,64,22,1,0.92
40.2,4,9,74,29,1,0.92
64.3,4,13,79,50,1,0.56
95.0,5,10,34,32,1,0.41
96.1,3,5,50,48,0,0.22
27.2,10,13,56,15,1,0.88
80.9,8,4,79,63,1,0.47
34.9,0,19,69,24,1,0.88
67.5,7,19,44,29,1,0.57
27.0,2,15,38,10,1,0.9
70.4,11,5,54,38,1,0.6
35.3,6,7,32,11,1,0.89
97.7,8,13,44,42,1,0.52
99.1,6,2,41,40,1,0.54
98.9,15,10,59,58,1,0.54
57.1,1,19,77,43,1,0.93
79.0,12,19,77,60,1,0.51
65.2,1,16,36,23,1,0.6
87.0,1,7,63,54,0,0.21
27.9,12,16,78,21,1,0.91
28.7,9,14,55,15,1,0.94
83.0,9,14,40,33,1,0.49
71.0,1,16,39,27,1,0.6
73.5,2,16,37,27,1,0.57
68.9,4,12,56,38,1,0.58
26.9,14,18,75,20,1,0.94
91.2,2,8,50,45,0,0.25
84.7,3,2,37,31,0,0.23
31.4,12,16,69,21,1,0.94
53.4,12,1,79,42,1,0.87
50.1,4,5,39,19,1,0.87
78.4,13,9,49,38,1,0.52
97.1,9,20,41,39,1,0.46
34.9,6,0,69,24,1,0.93
25.9,15,15,64,16,1,0.93
70.6,15,7,43,30,1,0.61
60.7,13,14,35,21,1,0.61
25.5,8,19,70,17,1,0.91
86.9,1,5,39,33,0,0.0
35.9,1,18,68,24,1,0.88
94.0,1,3,56,52,0,0.26
46.3,5,14,77,35,1,0.91
94.9,2,9,50,47,0,0.39
53.4,2,13,65,34,1,0.86
60.3,3,8,51,30,1,0.6
64.3,6,19,33,21,1,0.56
79.7,2,15,76,60,1,0.42
95.0,9,13,68,64,1,0.53
44.5,11,4,69,30,1,0.91
64.0,15,15,41,26,1,0.64
42.5,9,6,30,12,1,0.86
59.9,3,6,69,41,1,0.95
56.1,10,11,65,36,1,0.93
40.9,6,9,46,18,1,0.93
48.1,10,0,37,17,1,0.92
50.6,0,5,42,21,1,0.88
50.3,15,15,32,16,1,0.91
61.1,14,17,51,31,1,0.6
86.1,1,16,49,42,1,0.41
75.9,0,6,66,50,0,0.24
91.6,11,2,39,35,1,0.48
27.3,12,20,64,17,1,0.93
67.8,12,5,68,46,1,0.56
83.7,9,10,75,62,1,0.45
56.0,15,7,53,29,1,0.9
96.3,6,16,49,47,1,0.47
53.1,1,6,35,18,1,0.89
26.9,15,16,39,10,1,0.87
94.3,9,10,39,36,1,0.53
32.4,4,6,76,24,1,0.85
54.1,3,0,49,26,1,0.94
76.5,2,10,59,45,1,0.44
32.7,9,0,66,21,1,0.93
72.9,6,10,42,30,1,0.57
45.7,10,14,72,32,1,0.86
36.2,8,3,30,10,1,0.95
67.0,3,6,64,42,1,0.59
48.9,4,9,66,32,1,0.87
30.3,10,17,58,17,1,0.86
27.2,1,3,54,14,1,0.86
57.0,5,19,67,38,1,0.91
76.8,14,19,52,39,1,0.48
86.3,2,14,66,56,0,0.36
86.0,14,3,59,50,1,0.48
73.3,14,15,44,32,1,0.64
35.8,8,11,55,19,1,0.87
93.8,10,10,59,55,1,0.5
29.9,3,11,60,17,1,0.9
37.8,11,19,66,24,1,0.86
32.7,3,10,65,21,1,0.91
84.4,14,12,67,56,1,0.49
71.6,5,15,54,38,1,0.56
40.6,13,13,66,26,1,0.93
65.8,7,5,72,47,1,0.62
80.5,15,3,67,53,1,0.51
49.4,3,14,41,20,1,0.88
55.4,3,19,79,43,1,0.93
49.6,1,2,43,21,1,0.93
91.5,0,4,72,65,0,0.05
54.2,14,6,43,23,1,0.92
48.7,9,13,75,36,1,0.95
50.8,2,18,30,15,1,0.91
63.3,4,9,33,20,1,0.59
66.2,1,0,75,49,1,0.61
98.4,3,9,31,30,0,0.37
77.7,12,20,50,38,1,0.52
55.5,13,17,43,23,1,0.92
60.6,6,17,54,32,1,0.63
52.0,13,4,48,24,1,0.95
75.3,4,0,34,25,0,0.16
91.4,13,4,35,31,1,0.46
85.4,14,19,57,48,1,0.51
59.1,13,17,58,34,1,0.89
41.9,13,19,30,12,1,0.91
88.5,7,16,47,41,1,0.49
66.0,11,1,32,21,1,0.61
77.9,3,18,60,46,1,0.45
31.0,8,14,63,19,1,0.86
91.7,2,7,60,55,0,0.21
75.2,9,19,33,24,1,0.54
65.1,0,15,59,38,1,0.6
60.2,10,13,52,31,1,0.65
84.9,9,5,32,27,1,0.52
69.8,9,18,46,32,1,0.56
60.5,5,18,33,19,1,0.62
46.9,0,9,61,28,1,0.86
62.9,8,8,38,23,1,0.61
45.6,8,0,77,35,1,0.86
38.1,4,14,53,20,1,0.93
44.6,7,15,41,18,1,0.93
89.7,10,2,39,34,1,0.51
86.6,15,13,79,68,1,0.49
74.6,5,6,66,49,1,0.62
50.9,8,3,33,16,1,0.87
54.9,9,15,77,42,1,0.94
94.2,7,12,73,68,1,0.52
60.6,4,16,57,34,1,0.55
94.5,14,12,73,68,1,0.48
64.8,1,3,64,41,1,0.61
96.7,13,19,71,68,1,0.54
50.1,8,3,46,23,1,0.92
54.3,7,18,79,42,1,0.87
50.3,5,10,65,32,1,0.85
25.6,2,0,56,14,1,0.86
32.8,14,11,44,14,1,0.92
43.9,1,0,69,30,1,0.86
95.4,6,19,70,66,1,0.46
96.8,2,19,38,36,0,0.39
82.3,5,3,74,60,0,0.03
74.5,2,20,59,43,1,0.64
45.7,13,10,46,21,1,0.87
30.5,1,12,54,16,1,0.88
29.5,8,5,58,17,1,0.86
98.5,6,19,55,54,1,0.47
61.9,4,17,79,48,1,0.59
71.0,3,14,75,53,1,0.58
27.6,2,18,76,20,1,0.88
58.4,15,4,71,41,1,0.91
95.0,12,8,39,37,1,0.52
92.8,0,16,75,69,1,0.44
61.8,13,12,76,46,1,0.63
83.9,7,0,54,45,1,0.55
86.3,15,3,66,56,1,0.5
99.4,10,9,55,54,1,0.46
99.8,2,11,64,63,1,0.44
50.5,14,9,71,35,1,0.87
66.6,12,6,49,32,1,0.62
92.2,11,15,35,32,1,0.54
57.8,6,4,32,18,1,0.87
79.0,7,15,54,42,1,0.46
65.5,9,15,64,41,1,0.65
85.9,0,1,51,43,0,0.05
28.2,3,6,71,20,1,0.92
59.4,4,18,44,26,1,0.94
27.8,4,15,71,19,1,0.85
93.0,1,7,74,68,0,0.15
72.4,9,3,59,42,1,0.61
87.7,2,3,37,32,0,0.18
41.5,6,13,51,21,1,0.93
98.7,12,10,37,36,1,0.55
68.2,4,10,80,54,1,0.57
28.4,5,10,34,9,1,0.86
35.6,13,5,74,26,1,0.89
37.4,7,18,32,11,1,0.86
84.3,12,5,31,26,1,0.54
31.1,0,5,35,10,1,0.92
69.5,9,13,74,51,1,0.63
82.9,4,6,39,32,0,0.19
55.9,5,19,74,41,1,0.85
38.5,15,19,35,13,1,0.91
83.7,11,13,30,25,1,0.51
39.4,3,19,53,20,1,0.94
99.0,7,14,79,78,1,0.51
40.6,1,6,37,15,1,0.93
76.4,15,15,41,31,1,0.47
94.2,1,20,53,49,0,0.38
57.6,10,19,78,44,1,0.9
32.8,1,17,41,13,1,0.87
27.2,3,2,45,12,1,0.92
69.5,10,13,42,29,1,0.62
92.4,7,3,50,46,1,0.47
42.8,13,6,54,23,1,0.94
30.5,15,1,57,17,1,0.86
94.6,14,5,54,51,1,0.49
59.3,6,20,52,30,1,0.95
40.2,4,1,74,29,1,0.91
46.0,3,14,59,27,1,0.89
82.0,7,9,68,55,1,0.47
84.6,5,18,65,54,1,0.44
31.5,15,6,67,21,1,0.9
59.7,0,13,77,45,1,0.94
43.6,13,18,44,19,1,0.94
69.4,4,18,30,20,1,0.59
28.3,15,16,32,9,1,0.89
54.6,3,14,61,33,1,0.87
66.9,0,13,43,28,1,0.56
47.2,2,0,60,28,1,0.92
37.1,14,18,77,28,1,0.91
98.2,14,4,75,73,1,0.49
84.2,11,20,59,49,1,0.52
25.1,2,12,74,18,1,0.88
27.5,13,8,74,20,1,0.94
65.7,6,2,69,45,1,0.64
80.2,1,16,73,58,0,0.39
28.9,12,11,59,17,1,0.91
52.4,5,20,65,34,1,0.92
67.1,6,4,51,34,1,0.57
33.5,15,18,74,24,1,0.87
80.9,7,10,52,42,1,0.54
62.8,13,8,33,20,1,0.56
50.9,15,16,63,32,1,0.93
60.3,9,14,69,41,1,0.59
75.5,2,6,59,44,0,0.02
38.4,2,3,40,15,1,0.88
77.3,15,4,43,33,1,0.5
72.0,9,13,73,52,1,0.6
34.9,11,13,58,20,1,0.92
26.6,6,2,31,8,1,0.94
42.4,10,13,67,28,1,0.88
73.5,10,15,67,49,1,0.62
64.8,14,14,49,31,1,0.61
92.4,9,5,80,73,1,0.48
61.3,9,1,39,23,1,0.59
59.2,5,19,40,23,1,0.92
46.4,5,4,40,18,1,0.87
28.1,10,18,38,10,1,0.89
52.7,6,17,75,39,1,0.85
48.8,11,4,53,25,1,0.89
98.2,9,3,31,30,1,0.49
62.5,4,14,50,31,1,0.57
97.8,10,20,75,73,1,0.48
92.2,4,18,76,70,1,0.44
58.2,3,15,32,18,1,0.86
66.3,9,0,55,36,1,0.61
41.5,11,2,50,20,1,0.86
73.1,7,8,42,30,1,0.55
65.4,14,2,62,40,1,0.59
61.8,1,11,55,33,1,0.56
89.0,11,12,53,47,1,0.45
50.9,9,14,65,33,1,0.86
79.6,14,13,58,46,1,0.48
85.4,13,13,38,32,1,0.53
69.8,4,6,49,34,1,0.6
90.1,10,2,67,60,1,0.53
31.6,13,20,47,14,1,0.89
66.7,4,6,41,27,1,0.63
46.7,15,1,49,22,1,0.93
47.8,14,7,31,14,1,0.93
36.6,9,20,70,25,1,0.9
74.0,9,13,41,30,1,0.6
76.6,7,0,37,28,1,0.53
62.0,2,19,77,47,1,0.59
61.0,13,8,70,42,1,0.62
98.1,3,11,62,60,1,0.42
26.3,8,5,67,17,1,0.86
49.0,4,11,40,19,1,0.86
52.1,11,1,48,25,1,0.88
72.9,2,16,42,30,1,0.63
38.7,3,19,78,30,1,0.87
49.2,10,9,47,23,1,0.92
76.6,3,17,67,51,0,0.39
35.8,4,16,48,17,1,0.89
61.4,10,5,36,22,1,0.57
62.8,6,17,69,43,1,0.62
96.4,3,13,59,56,1,0.44
33.7,4,0,60,20,1,0.88
76.8,4,14,68,52,1,0.4
97.8,5,9,31,30,1,0.42
33.9,4,4,74,25,1,0.87
34.4,4,2,57,19,1,0.92
83.8,2,0,79,66,0,0.14
39.7,1,16,67,26,1,0.86
33.9,8,1,34,11,1,0.88
25.8,3,3,68,17,1,0.87
92.6,5,11,31,28,0,0.36
88.4,8,18,52,45,1,0.49
89.1,7,16,66,58,1,0.46
86.5,0,16,43,37,1,0.42
97.3,5,17,30,29,1,0.45
32.4,6,16,75,24,1,0.9
77.4,5,14,73,56,1,0.45
38.6,11,12,57,22,1,0.87
42.1,3,10,37,15,1,0.9
64.0,15,11,75,48,1,0.58
79.2,2,10,61,48,0,0.36
46.3,9,14,44,20,1,0.91
46.8,13,6,34,15,1,0.94
85.2,11,5,30,25,1,0.55
61.9,3,12,58,35,1,0.6
75.7,3,4,55,41,0,0.13
32.6,5,2,53,17,1,0.95
50.4,12,3,44,22,1,0.93
79.4,8,18,67,53,1,0.48
84.2,12,11,60,50,1,0.52
96.3,15,16,47,45,1,0.46
59.1,3,8,61,36,1,0.9
72.1,4,0,36,25,1,0.62
87.3,15,0,41,35,1,0.49
75.9,4,9,69,52,1,0.41
82.0,15,14,42,34,1,0.48
62.3,8,17,51,31,1,0.63
65.5,0,1,57,37,1,0.64
33.9,14,10,54,18,1,0.89
27.7,5,17,72,19,1,0.94
47.7,5,15,57,27,1,0.86
78.7,15,3,66,51,1,0.52
74.5,15,15,65,48,1,0.64
63.0,12,8,61,38,1,0.61
53.3,11,9,50,26,1,0.86
69.3,4,11,52,36,1,0.63
68.8,10,12,36,24,1,0.59
99.4,13,11,33,32,1,0.52
43.6,9,18,35,15,1,0.94
29.9,9,3,51,15,1,0.87
65.4,1,14,72,47,1,0.64
67.6,13,8,31,20,1,0.62
69.1,10,12,66,45,1,0.59
67.9,15,3,74,50,1,0.62
50.2,10,5,69,34,1,0.88
97.7,6,15,70,68,1,0.53
84.0,6,9,46,38,1,0.45
99.7,12,7,69,68,1,0.52
31.9,3,18,51,16,1,0.88
67.5,15,13,43,29,1,0.58
30.7,9,16,49,15,1,0.89
65.5,6,13,55,36,1,0.58
63.7,5,0,70,44,1,0.62
89.7,15,6,72,64,1,0.55
80.7,14,8,70,56,1,0.5
71.1,13,18,76,54,1,0.61
64.2,11,14,39,25,1,0.57
81.0,9,13,56,45,1,0.48
87.3,2,20,43,37,1,0.43
45.0,9,20,40,18,1,0.88
70.1,12,7,37,25,1,0.56
27.1,9,14,61,16,1,0.91
57.7,1,6,40,23,1,0.88
27.2,8,17,41,11,1,0.91
28.2,15,0,33,9,1,0.94
31.3,9,2,56,17,1,0.94
75.4,2,12,76,57,1,0.43
42.7,3,16,72,30,1,0.93
96.2,8,15,35,33,1,0.47
34.2,10,10,67,22,1,0.92
85.4,7,13,43,36,1,0.46
38.1,8,14,56,21,1,0.88
69.2,15,17,53,36,1,0.62
33.5,13,15,73,24,1,0.87
45.8,4,11,60,27,1,0.92
86.6,0,20,68,58,0,0.35
80.5,1,7,46,37,0,0.15
96.9,11,3,64,62,1,0.54
89.3,12,0,55,49,1,0.54
93.8,9,2,78,73,1,0.47
40.8,5,14,70,28,1,0.88
85.9,13,1,47,40,1,0.54
86.7,15,15,77,66,1,0.49
88.1,13,3,40,35,1,0.52
63.0,11,13,68,42,1,0.62
66.1,10,14,74,48,1,0.55
28.9,5,20,58,16,1,0.93
35.2,12,6,70,24,1,0.88
68.2,3,5,45,30,1,0.6
97.7,4,19,73,71,0,0.39
95.5,14,15,77,73,1,0.46
38.0,10,9,42,15,1,0.86
52.6,12,12,66,34,1,0.87
96.1,7,2,59,56,1,0.47
77.6,5,1,55,42,0,0.2
36.2,11,5,66,23,1,0.86
78.9,13,14,73,57,1,0.5
41.8,6,6,80,33,1,0.88
81.0,12,4,57,46,1,0.54
70.0,9,6,56,39,1,0.57
84.4,0,9,46,38,0,0.37
58.8,7,11,67,39,1,0.92
59.4,0,15,38,22,1,0.94
98.1,12,6,75,73,1,0.49
56.7,8,2,36,20,1,0.91
28.9,7,15,52,15,1,0.95
95.4,1,0,46,43,0,0.14
98.3,11,4,65,63,1,0.45
38.5,5,16,61,23,1,0.94
90.8,4,2,50,45,0,0.21
44.5,10,1,38,16,1,0.9
98.0,8,11,57,55,1,0.48
90.8,8,16,50,45,1,0.49
37.4,15,4,65,24,1,0.94
74.3,14,1,42,31,1,0.56
42.2,1,15,46,19,1,0.87
60.0,3,15,32,19,1,0.59
99.2,15,14,61,60,1,0.46
79.0,4,3,52,41,0,0.06
38.5,5,16,47,18,1,0.91
74.7,6,18,30,22,1,0.6
67.8,13,2,45,30,1,0.63
75.8,10,0,48,36,1,0.52
76.0,12,11,67,50,1,0.54
33.0,10,4,31,10,1,0.86
87.3,15,14,70,61,1,0.55
69.6,0,10,32,22,1,0.62
96.3,10,18,38,36,1,0.47
28.7,9,10,33,9,1,0.92
66.0,12,2,55,36,1,0.58
43.0,12,2,31,13,1,0.94
37.2,12,9,71,26,1,0.93
74.1,3,9,61,45,1,0.63
80.2,9,19,38,30,1,0.49
32.2,11,16,42,13,1,0.9
91.4,15,8,66,60,1,0.51
31.8,13,11,69,21,1,0.87
72.3,2,1,62,44,1,0.58
59.8,7,20,73,43,1,0.92
94.8,2,9,59,55,0,0.39
93.0,15,9,39,36,1,0.55
76.3,9,7,63,48,1,0.49
67.6,2,1,62,41,1,0.56
56.9,3,14,72,40,1,0.92
86.0,11,8,67,57,1,0.46
62.8,3,14,41,25,1,0.63
88.2,1,2,56,49,0,0.24
69.0,14,14,69,47,1,0.63
50.6,5,6,41,20,1,0.86
98.7,8,3,57,56,1,0.5
25.4,3,0,40,10,1,0.92
59.5,12,19,76,45,1,0.9
71.4,11,12,49,34,1,0.56
35.1,6,3,31,10,1,0.92
39.1,0,6,60,23,1,0.91
73.7,13,20,80,58,1,0.6
31.5,14,4,60,18,1,0.89
33.7,4,14,61,20,1,0.9
89.5,7,6,48,42,1,0.51
87.5,1,10,30,26,0,0.36
88.6,13,13,61,54,1,0.52
69.7,9,1,61,42,1,0.59
63.5,15,7,75,47,1,0.56
26.4,10,17,34,8,1,0.88
73.6,15,3,61,44,1,0.61
73.5,14,13,31,22,1,0.57
79.5,15,11,58,46,1,0.47
41.5,10,19,75,31,1,0.92
34.8,9,12,56,19,1,0.93
75.5,11,15,40,30,1,0.51
46.2,2,15,38,17,1,0.87
36.7,15,3,80,29,1,0.89
99.5,9,7,43,42,1,0.51
99.9,11,8,52,51,1,0.52
38.1,1,2,51,19,1,0.89
71.3,3,17,44,31,1,0.6
99.5,11,1,79,78,1,0.54
45.1,4,16,68,30,1,0.92
78.0,14,14,78,60,1,0.46
32.9,3,17,32,10,1,0.9
37.5,3,6,53,19,1,0.87
46.9,14,16,61,28,1,0.92
32.4,11,10,38,12,1,0.86
40.1,13,0,45,18,1,0.93
60.5,9,16,40,24,1,0.56
52.9,13,11,70,37,1,0.92
36.4,13,7,38,13,1,0.93
56.0,13,14,63,35,1,0.93
52.1,0,14,39,20,1,0.93
78.8,2,2,51,40,0,0.14
37.3,1,12,78,29,1,0.85
94.2,4,18,33,31,1,0.45
98.5,9,13,55,54,1,0.54
77.6,9,10,52,40,1,0.45
46.0,4,12,58,26,1,0.91
91.6,14,11,80,73,1,0.51
83.2,9,2,32,26,1,0.5
54.2,4,16,64,34,1,0.88
32.0,9,16,51,16,1,0.93
37.0,0,17,67,24,1,0.88
87.4,9,13,62,54,1,0.46
29.5,11,8,70,20,1,0.9
34.3,3,14,49,16,1,0.91
25.4,10,7,77,19,1,0.95
67.4,7,11,49,33,1,0.58
83.9,4,12,63,52,1,0.42
32.9,6,11,59,19,1,0.86
78.4,13,2,35,27,1,0.46
91.6,15,6,58,53,1,0.46
75.8,12,18,65,49,1,0.5
54.6,8,18,61,33,1,0.91
99.7,15,13,40,39,1,0.46
34.5,14,4,75,25,1,0.9
64.7,6,14,60,38,1,0.55
36.8,11,3,68,25,1,0.94
33.3,11,18,48,15,1,0.85
36.5,11,9,53,19,1,0.88
61.4,4,4,80,49,1,0.61
28.6,9,9,43,12,1,0.87
80.5,0,3,65,52,0,0.14
56.3,9,18,58,32,1,0.94
83.6,15,19,38,31,1,0.53
62.9,14,14,72,45,1,0.59
90.0,10,2,69,62,1,0.52
55.7,7,12,51,28,1,0.9
96.9,14,8,71,68,1,0.46
37.4,0,18,70,26,1,0.93
78.1,3,20,65,50,0,0.36
96.6,1,18,63,60,0,0.37
60.7,0,3,72,43,1,0.64
38.5,0,8,80,30,1,0.87
87.2,14,2,64,55,1,0.51
55.1,1,15,31,17,1,0.88
38.5,0,16,50,19,1,0.89
31.8,3,17,40,12,1,0.88
38.7,2,4,49,18,1,0.95
75.9,1,19,50,37,0,0.37
78.5,9,12,36,28,1,0.48
56.0,10,8,54,30,1,0.94
92.5,1,6,45,41,0,0.23
62.0,12,3,47,29,1,0.56
59.9,13,2,60,35,1,0.85
72.5,0,8,65,47,1,0.65
75.6,7,17,71,53,1,0.53
47.8,13,14,35,16,1,0.93
62.5,4,11,64,40,1,0.65
83.7,13,17,58,48,1,0.45
85.9,9,20,40,34,1,0.45
95.0,15,8,68,64,1,0.48
76.0,11,20,43,32,1,0.51
63.3,1,5,77,48,1,0.6
30.2,2,12,74,22,1,0.86
35.5,8,13,43,15,1,0.91
96.8,10,10,70,67,1,0.48
81.5,14,8,45,36,1,0.52
49.1,6,14,68,33,1,0.88
93.6,4,20,30,28,1,0.41
25.3,0,5,56,14,1,0.91
77.2,15,12,64,49,1,0.46
90.8,2,17,31,28,1,0.44
86.2,14,3,52,44,1,0.55
53.2,11,12,41,21,1,0.93
85.9,0,3,59,50,0,0.08
25.7,0,8,73,18,1,0.94
51.8,2,19,70,36,1,0.88
78.8,7,15,53,41,1,0.45
62.0,6,0,42,26,1,0.65
72.9,3,8,66,48,1,0.6
37.8,6,18,73,27,1,0.92
67.4,2,18,38,25,1,0.62
34.6,7,16,76,26,1,0.93
39.4,0,17,69,27,1,0.88
67.0,14,0,57,38,1,0.61
95.7,1,10,57,54,1,0.43
55.5,3,16,59,32,1,0.9
63.8,1,7,33,21,1,0.58
56.5,14,10,30,16,1,0.89
50.1,0,7,74,37,1,0.89
30.6,7,6,40,12,1,0.88
29.7,3,0,60,17,1,0.89
26.8,10,8,45,12,1,0.86
42.9,10,1,51,21,1,0.9
42.8,2,19,69,29,1,0.89
32.2,14,18,37,11,1,0.86
29.6,1,12,50,14,1,0.94
77.0,4,1,58,44,0,0.03
57.4,3,1,65,37,1,0.86
88.7,12,3,69,61,1,0.53
42.5,0,14,54,22,1,0.9
57.1,3,10,71,40,1,0.94
83.7,14,16,51,42,1,0.51
33.1,0,19,75,24,1,0.86
84.2,6,18,38,31,1,0.51
44.2,13,15,76,33,1,0.91
38.9,4,1,33,12,1,0.86
68.8,11,9,67,46,1,0.64
83.2,4,15,49,40,1,0.41
46.8,0,16,67,31,1,0.92
35.8,7,16,65,23,1,0.94
56.7,6,6,70,39,1,0.94
83.9,10,6,72,60,1,0.5
76.9,14,19,74,56,1,0.48
68.4,10,19,49,33,1,0.59
37.2,14,1,61,22,1,0.87
25.3,7,7,59,14,1,0.91
42.9,10,12,43,18,1,0.89
87.0,0,11,30,26,0,0.36
27.3,3,4,48,13,1,0.89
72.4,11,1,31,22,1,0.57
46.3,7,8,76,35,1,0.87
88.6,7,5,42,37,1,0.45
88.2,3,0,73,64,0,0.06
91.4,10,6,49,44,1,0.5
52.7,11,5,63,33,1,0.95
99.8,13,2,37,36,1,0.46
94.3,6,6,64,60,1,0.49
53.1,13,20,45,23,1,0.94
82.2,6,17,48,39,1,0.53
49.6,1,20,80,39,1,0.88
34.5,15,6,76,26,1,0.86
60.3,2,5,62,37,1,0.59
91.2,11,15,63,57,1,0.5
49.1,11,16,74,36,1,0.9
96.7,15,8,67,64,1,0.49
94.1,1,6,44,41,0,0.26
42.6,6,9,57,24,1,0.94
67.9,11,8,65,44,1,0.56
81.4,9,14,63,51,1,0.49
68.8,14,16,69,47,1,0.58
58.8,13,13,53,31,1,0.93
48.8,12,0,41,20,1,0.89
44.9,2,11,35,15,1,0.88
62.6,2,8,44,27,1,0.56
30.4,1,17,42,12,1,0.88
75.6,8,9,77,58,1,0.53
76.3,8,6,75,57,1,0.51
35.3,8,0,79,27,1,0.88
86.7,12,12,67,58,1,0.53
25.9,4,12,44,11,1,0.87
81.2,15,7,63,51,1,0.51
66.4,14,14,51,33,1,0.63
48.5,6,13,79,38,1,0.94
56.3,14,14,65,36,1,0.85
35.4,4,9,77,27,1,0.85
85.8,11,10,44,37,1,0.49
76.4,12,17,49,37,1,0.48
26.7,1,4,39,10,1,0.95
99.6,12,12,43,42,1,0.54
29.8,12,6,60,17,1,0.86
67.7,14,20,49,33,1,0.56
32.8,5,1,74,24,1,0.91
27.0,6,2,54,14,1,0.88
42.5,2,14,33,14,1,0.89
25.8,10,13,55,14,1,0.87
33.3,13,15,77,25,1,0.86
96.6,6,4,43,41,1,0.48
86.3,15,5,68,58,1,0.51
48.3,6,16,75,36,1,0.92
45.7,0,4,58,26,1,0.86
54.9,7,16,51,27,1,0.94
90.9,14,14,66,59,1,0.45
31.8,14,11,74,23,1,0.93
84.4,12,19,41,34,1,0.49
38.5,13,14,54,20,1,0.94
38.8,3,12,74,28,1,0.94
43.0,5,8,70,30,1,0.9
75.0,2,6,61,45,0,0.15
34.1,11,2,78,26,1,0.86
82.5,10,13,58,47,1,0.47
40.6,1,14,31,12,1,0.86
77.1,14,12,51,39,1,0.52
89.2,12,1,30,26,1,0.48
78.2,4,10,72,56,1,0.42
61.4,2,2,65,39,1,0.62
78.5,14,4,60,47,1,0.53
88.1,5,0,68,59,0,0.01
65.1,12,5,34,22,1,0.62
25.8,8,4,58,14,1,0.89
41.3,1,17,43,17,1,0.89
28.6,3,12,74,21,1,0.88
28.9,0,1,79,22,1,0.89
40.1,7,11,45,18,1,0.87
26.2,0,0,51,13,1,0.93
76.0,2,7,36,27,0,0.27
37.6,5,1,56,21,1,0.9
86.2,10,17,70,60,1,0.47
40.5,12,13,37,14,1,0.87
32.9,10,5,30,9,1,0.89
48.7,12,6,59,28,1,0.87
74.3,8,20,69,51,1,0.59
30.0,6,13,49,14,1,0.93
62.5,3,17,80,50,1,0.65
88.8,5,8,36,31,0,0.23
77.2,4,10,41,31,1,0.41
91.3,10,15,34,31,1,0.48
70.6,14,12,62,43,1,0.61
42.4,0,7,31,13,1,0.91
92.3,9,7,77,71,1,0.49
43.3,2,1,38,16,1,0.89
47.2,4,12,43,20,1,0.91
42.9,14,10,38,16,1,0.88
73.3,1,16,80,58,1,0.65
73.6,9,0,44,32,1,0.63
49.8,7,6,64,31,1,0.86
93.8,7,7,68,63,1,0.54
64.1,5,14,70,44,1,0.55
90.2,2,6,33,29,0,0.15
40.3,2,5,67,27,1,0.9
84.6,6,7,62,52,1,0.46
79.4,9,5,76,60,1,0.47
56.8,7,9,48,27,1,0.91
97.6,6,8,80,78,1,0.5
96.3,11,12,54,52,1,0.47
58.1,13,4,80,46,1,0.9
82.1,13,2,78,64,1,0.54
47.5,4,17,76,36,1,0.87
53.5,9,14,48,25,1,0.89
70.5,2,10,38,26,1,0.62
39.7,6,0,30,11,1,0.94
79.8,11,15,55,43,1,0.54
95.5,11,12,61,58,1,0.48
99.1,2,13,32,31,1,0.45
34.3,5,6,78,26,1,0.89
44.1,11,16,75,33,1,0.9
76.6,1,20,54,41,1,0.44
80.2,7,15,32,25,1,0.54
52.1,0,20,39,20,1,0.88
59.2,4,8,45,26,1,0.91
96.4,5,0,37,35,0,0.25
93.8,12,18,35,32,1,0.5
39.2,13,5,57,22,1,0.88
47.7,12,18,49,23,1,0.92
81.4,2,3,70,56,0,0.2
86.1,8,6,77,66,1,0.49
48.1,5,15,30,14,1,0.86
83.0,13,16,56,46,1,0.52
80.0,5,5,53,42,0,0.02
61.5,3,14,66,40,1,0.63
38.9,1,5,78,30,1,0.87
98.7,13,14,70,69,1,0.54
33.2,5,2,48,15,1,0.86
34.4,2,10,31,10,1,0.91
60.8,3,0,33,20,1,0.58
96.6,1,3,43,41,0,0.11
70.2,8,15,60,42,1,0.63
70.3,10,11,73,51,1,0.64
100.0,7,11,72,72,1,0.49
70.8,11,10,36,25,1,0.55
90.3,12,4,31,27,1,0.51
90.2,8,7,53,47,1,0.5
76.5,15,16,56,42,1,0.52
25.2,10,0,70,17,1,0.89
28.4,10,14,44,12,1,0.91
55.0,2,11,57,31,1,0.94
95.6,15,3,76,72,1,0.49
70.5,4,16,66,46,1,0.63
78.7,1,4,61,48,0,0.22
75.5,14,5,58,43,1,0.55
61.2,7,7,43,26,1,0.57
95.8,2,3,57,54,0,0.25
94.7,10,12,79,74,1,0.48
78.9,15,3,72,56,1,0.46
65.1,15,2,80,52,1,0.62
90.4,2,20,51,46,0,0.39
78.8,12,20,71,55,1,0.53
97.5,13,7,44,42,1,0.48
46.8,3,2,51,23,1,0.92
95.3,3,18,53,50,0,0.36
48.5,12,18,77,37,1,0.85
29.6,6,12,57,16,1,0.88
52.4,4,16,72,37,1,0.91
41.7,12,0,64,26,1,0.94
48.7,9,7,61,29,1,0.92
36.1,9,4,77,27,1,0.92
85.1,1,19,50,42,0,0.38
99.3,3,8,75,74,0,0.19
41.2,9,12,33,13,1,0.95
50.0,6,7,74,37,1,0.92
94.2,5,15,76,71,0,0.39
98.8,5,0,65,64,0,0.11
60.5,11,12,55,33,1,0.56
79.5,9,6,74,58,1,0.54
54.5,4,10,78,42,1,0.93
89.9,1,9,59,53,1,0.42
68.3,14,15,48,32,1,0.64
40.7,6,20,30,12,1,0.89
89.2,3,4,54,48,0,0.28
88.1,1,3,52,45,0,0.26
28.9,10,18,57,16,1,0.95
72.0,12,7,32,23,1,0.56
54.7,9,19,41,22,1,0.92
53.2,2,14,71,37,1,0.89
72.4,14,11,30,21,1,0.56
31.2,15,20,72,22,1,0.94
41.9,15,8,74,31,1,0.92
84.6,5,12,60,50,1,0.45
77.7,9,18,38,29,1,0.46
29.8,5,12,74,22,1,0.85
66.7,15,2,63,42,1,0.63
65.4,3,6,72,47,1,0.64
38.5,5,0,65,25,1,0.89
48.6,1,4,66,32,1,0.87
37.1,8,1,35,12,1,0.95
63.0,11,17,40,25,1,0.59
95.9,0,7,49,46,0,0.06
92.8,9,17,58,53,1,0.46
61.8,10,16,52,32,1,0.61
63.3,3,1,45,28,1,0.55
35.6,6,4,68,24,1,0.91
69.4,8,4,76,52,1,0.61
30.6,8,8,54,16,1,0.91
37.2,14,2,46,17,1,0.92
95.5,4,17,43,41,0,0.36
80.0,6,11,66,52,1,0.52
86.5,5,13,39,33,0,0.38
84.1,12,0,68,57,1,0.47
45.3,3,17,56,25,1,0.86
73.0,11,10,79,57,1,0.58
90.2,7,8,30,27,1,0.46
98.5,7,12,36,35,1,0.53
34.3,9,18,61,20,1,0.86
51.2,9,17,47,24,1,0.91
92.2,5,10,78,71,0,0.39
50.9,12,15,67,34,1,0.86
25.7,4,4,39,10,1,0.89
80.2,1,20,53,42,1,0.42
43.7,13,14,41,17,1,0.89
51.6,14,16,48,24,1,0.88
57.1,7,9,70,39,1,0.94
96.1,13,10,35,33,1,0.51
30.8,7,2,40,12,1,0.91
31.3,9,17,61,19,1,0.93
25.8,13,16,76,19,1,0.86
62.3,3,12,30,18,1,0.61
93.3,0,13,74,69,1,0.4
50.9,1,19,58,29,1,0.95
75.6,7,5,34,25,1,0.49
35.0,11,1,57,19,1,0.9
37.8,3,10,73,27,1,0.87
65.4,3,9,49,32,1,0.6
44.9,0,20,66,29,1,0.89
94.2,1,14,69,64,1,0.43
29.3,0,19,59,17,1,0.88
51.5,0,11,76,39,1,0.87
51.6,3,13,61,31,1,0.87
64.7,4,13,37,23,1,0.64
25.5,8,7,60,15,1,0.89
47.4,13,5,64,30,1,0.93
33.2,14,14,40,13,1,0.86
81.0,0,11,75,60,0,0.37
39.2,1,4,55,21,1,0.89
49.8,1,5,72,35,1,0.87
60.9,8,3,56,34,1,0.6
62.2,4,10,78,48,1,0.63
91.1,12,4,37,33,1,0.55
84.5,4,4,52,43,0,0.18
42.7,10,13,68,29,1,0.92
57.6,9,9,61,35,1,0.86
57.2,4,16,41,23,1,0.87
82.5,8,7,72,59,1,0.53
39.9,3,16,69,27,1,0.87
99.4,4,7,37,36,0,0.0
99.3,4,13,31,30,1,0.41
31.8,1,12,56,17,1,0.9
77.5,7,7,51,39,1,0.49
29.6,13,20,33,9,1,0.88
45.2,8,11,75,33,1,0.89
49.0,1,5,32,15,1,0.85
74.5,10,6,48,35,1,0.6
93.1,3,13,41,38,0,0.38
61.8,10,9,37,22,1,0.56
26.0,4,10,53,13,1,0.92
52.1,11,7,71,36,1,0.88
68.8,2,3,38,26,1,0.61
70.1,1,18,71,49,1,0.63
39.5,14,3,34,13,1,0.94
71.4,9,15,78,55,1,0.57
79.1,1,4,42,33,0,0.15
91.9,11,11,58,53,1,0.51
33.8,13,2,60,20,1,0.89
94.8,0,5,68,64,0,0.13
46.7,1,6,77,35,1,0.93
62.1,2,5,58,36,1,0.63
53.8,12,12,68,36,1,0.88
38.8,5,18,43,16,1,0.91
25.7,14,16,75,19,1,0.92
44.4,7,9,75,33,1,0.88
33.9,7,1,64,21,1,0.87
27.9,4,8,38,10,1,0.88
84.3,7,6,64,53,1,0.46
73.6,11,10,35,25,1,0.64
91.3,8,4,56,51,1,0.54
47.1,1,20,30,14,1,0.93
41.4,8,5,46,19,1,0.95
65.3,3,12,71,46,1,0.58
72.0,6,14,44,31,1,0.58
40.3,12,4,58,23,1,0.87
79.5,11,4,60,47,1,0.46
38.6,5,5,42,16,1,0.91
95.8,5,20,48,45,0,0.35
37.2,5,12,73,27,1,0.91
30.2,2,13,45,13,1,0.9
73.4,12,3,76,55,1,0.6
79.5,0,19,36,28,0,0.39
26.6,0,20,32,8,1,0.86
82.8,8,4,70,57,1,0.51
84.4,0,3,64,54,0,0.2
78.1,6,4,60,46,1,0.53
91.9,5,9,51,46,0,0.4
43.3,8,20,64,27,1,0.86
86.9,3,17,48,41,0,0.36
91.5,13,4,30,27,1,0.54
26.8,13,12,39,10,1,0.89
46.5,12,3,61,28,1,0.87
33.3,3,9,52,17,1,0.86
50.0,11,2,32,16,1,0.91
38.4,10,19,41,15,1,0.92
36.3,9,19,48,17,1,0.88
32.8,15,11,46,15,1,0.93
78.3,2,0,39,30,0,0.2
36.1,14,15,34,12,1,0.86
57.1,8,4,35,19,1,0.88
34.6,12,11,50,17,1,0.9
61.1,13,19,80,48,1,0.61
35.4,7,12,56,19,1,0.9
65.4,15,17,64,41,1,0.63
53.8,13,16,66,35,1,0.93
85.8,7,2,45,38,1,0.49
40.2,0,11,65,26,1,0.9
35.0,3,1,52,18,1,0.89
88.7,4,9,59,52,0,0.36
89.0,13,7,43,38,1,0.53
29.2,4,3,74,21,1,0.92
53.3,0,13,53,28,1,0.86
33.0,2,15,68,22,1,0.94
27.3,11,4,35,9,1,0.87
25.9,13,4,78,20,1,0.87
80.8,9,15,56,45,1,0.52
58.3,0,9,37,21,1,0.87
91.1,1,19,78,71,0,0.37
37.0,12,13,73,27,1,0.94
59.1,8,18,62,36,1,0.88
42.0,5,8,35,14,1,0.9
98.3,4,6,55,54,0,0.16
38.8,2,14,60,23,1,0.88
73.1,12,5,33,24,1,0.63
73.5,6,8,36,26,1,0.56
52.2,10,0,45,23,1,0.88
65.6,2,6,68,44,1,0.55
93.2,6,17,42,39,1,0.51
27.4,8,2,66,18,1,0.91
67.3,15,1,33,22,1,0.58
95.8,0,11,78,74,0,0.38
54.9,6,10,78,42,1,0.89
51.7,4,3,51,26,1,0.89
80.6,3,16,79,63,0,0.37
69.0,12,15,67,46,1,0.64
27.8,5,4,73,20,1,0.9
91.4,2,7,43,39,0,0.26
82.7,5,16,63,52,1,0.45
70.7,10,14,80,56,1,0.56
46.8,13,1,75,35,1,0.93
54.1,6,19,68,36,1,0.86
36.4,15,3,30,10,1,0.86
90.3,2,15,36,32,0,0.4
37.7,9,5,34,12,1,0.88
52.2,2,2,41,21,1,0.92
59.6,15,8,78,46,1,0.94
73.8,4,3,66,48,1,0.6
52.3,9,12,56,29,1,0.94
93.8,4,14,53,49,1,0.4
71.8,10,11,35,25,1,0.62
62.9,8,1,69,43,1,0.65
29.3,7,17,30,8,1,0.87
32.9,12,5,66,21,1,0.89
30.5,12,14,72,21,1,0.86
59.9,14,3,35,20,1,0.87
33.1,12,13,42,13,1,0.89
29.8,10,19,61,18,1,0.87
80.6,3,8,59,47,0,0.0
60.2,6,10,66,39,1,0.55
70.1,12,1,53,37,1,0.63
98.4,6,1,43,42,1,0.54
96.4,13,8,46,44,1,0.51
31.3,2,8,55,17,1,0.86
90.5,14,13,63,57,1,0.47
92.0,5,1,35,32,0,0.26
97.3,9,5,42,40,1,0.48
56.4,15,17,74,41,1,0.93
97.4,13,11,74,72,1,0.51
86.7,6,2,76,65,1,0.52
71.2,10,10,30,21,1,0.57
59.4,4,15,50,29,1,0.86
97.7,13,8,63,61,1,0.52
99.1,4,20,58,57,1,0.41
68.4,1,6,77,52,1,0.65
56.5,5,19,54,30,1,0.87
40.7,6,18,30,12,1,0.89
52.3,9,9,62,32,1,0.93
34.4,15,20,59,20,1,0.89
51.4,13,16,78,40,1,0.88
94.5,14,13,53,50,1,0.47
