attendance_percentage,assignment_score,midterm_score,quiz_average,study_hours_per_day,final_score,risk_level
71.6,63.4,44.3,87.6,6.9,61.3,LOW
49.8,69.6,93.3,88.6,10.0,83.2,LOW
37.3,72.0,65.5,52.9,5.0,62.8,LOW
94.9,28.0,50.0,66.5,0.3,50.2,MEDIUM
59.4,37.8,50.9,50.5,2.0,47.2,MEDIUM
38.7,97.4,92.3,53.0,8.2,79.7,LOW
81.9,20.6,43.7,37.9,2.8,50.0,MEDIUM
48.5,87.1,81.6,53.2,2.4,75.6,LOW
59.0,21.2,23.8,50.0,8.2,42.2,MEDIUM
72.0,46.8,96.3,99.4,2.4,83.5,LOW
43.5,71.6,84.6,84.1,5.8,65.8,LOW
74.5,98.2,25.6,92.3,5.2,63.9,LOW
37.0,84.1,55.4,70.5,7.8,67.8,LOW
73.9,40.8,59.8,95.9,2.0,54.8,MEDIUM
60.6,70.3,63.4,22.2,7.1,65.5,LOW
35.5,50.6,76.8,30.4,4.5,55.5,MEDIUM
55.1,39.2,90.8,43.8,5.4,57.8,MEDIUM
84.6,82.9,79.3,72.7,2.7,84.6,LOW
73.9,71.1,62.1,28.3,4.6,62.4,LOW
37.5,42.6,90.5,27.4,4.9,54.2,MEDIUM
88.7,51.3,54.2,21.8,0.7,60.5,LOW
35.3,75.0,43.8,45.1,9.1,57.4,MEDIUM
42.6,20.8,26.1,65.4,6.1,28.2,HIGH
98.3,99.5,53.6,69.1,5.5,70.9,LOW
81.9,94.1,27.4,22.4,0.2,53.1,MEDIUM
40.7,89.3,20.3,37.4,3.3,40.3,MEDIUM
80.9,95.2,34.1,58.5,9.5,63.0,LOW
68.6,43.5,77.1,59.7,5.1,61.5,LOW
43.5,33.8,71.8,91.0,2.8,55.6,MEDIUM
70.9,81.3,38.0,83.5,9.5,64.9,LOW
91.8,53.9,77.2,85.3,6.2,76.5,LOW
60.1,65.4,43.7,70.6,0.6,49.2,MEDIUM
32.4,60.9,62.8,43.5,8.3,56.7,MEDIUM
97.6,48.2,12.7,34.4,3.2,47.4,MEDIUM
55.0,25.8,69.1,49.8,7.8,47.0,MEDIUM
52.3,20.9,39.6,57.2,8.0,48.5,MEDIUM
69.3,50.8,64.2,62.2,1.0,55.3,MEDIUM
72.6,90.7,87.4,26.0,8.9,74.9,LOW
82.9,45.4,38.8,35.8,8.0,50.9,MEDIUM
99.3,53.7,21.2,33.7,3.3,45.5,MEDIUM
70.3,42.8,67.9,88.5,9.9,73.3,LOW
49.9,87.3,46.3,91.7,9.2,59.0,MEDIUM
75.1,25.6,18.6,84.2,7.2,40.6,MEDIUM
82.8,52.0,60.1,45.1,6.1,58.7,MEDIUM
78.8,56.4,86.4,97.4,1.2,73.3,LOW
73.3,22.3,14.3,20.8,1.1,26.1,HIGH
78.1,54.9,25.3,35.3,9.0,45.9,MEDIUM
93.2,99.2,94.1,89.4,2.6,95.6,LOW
37.8,95.8,16.8,46.3,6.1,52.4,MEDIUM
48.9,33.6,22.4,56.9,1.3,41.0,MEDIUM
82.7,91.0,96.9,53.1,4.5,77.4,LOW
66.9,66.2,69.5,98.1,3.2,74.3,LOW
45.8,41.1,36.7,26.6,5.6,45.0,MEDIUM
76.2,78.8,28.5,26.2,9.7,46.7,MEDIUM
30.9,37.3,83.7,35.0,1.0,45.9,MEDIUM
71.3,62.2,87.3,80.8,3.1,73.3,LOW
40.8,60.4,92.3,37.5,3.6,70.6,LOW
90.8,61.1,80.2,35.0,2.8,62.8,LOW
51.5,89.6,68.4,31.8,8.8,69.7,LOW
46.8,91.5,26.8,22.3,6.6,47.5,MEDIUM
48.6,94.2,17.6,54.5,1.5,48.4,MEDIUM
65.6,24.3,34.5,27.8,6.5,42.4,MEDIUM
59.6,43.5,46.2,67.5,5.3,51.6,MEDIUM
60.3,74.5,68.2,96.7,2.2,63.0,LOW
32.5,41.3,15.9,28.1,2.3,29.7,HIGH
80.1,51.4,19.1,78.7,8.8,48.1,MEDIUM
44.4,82.9,41.3,43.0,6.0,57.3,MEDIUM
36.6,60.3,73.0,58.1,3.1,64.7,LOW
46.7,45.2,16.3,35.0,9.0,30.4,HIGH
30.9,58.0,40.1,34.2,2.6,34.4,HIGH
77.5,88.2,63.5,97.6,5.8,77.1,LOW
47.3,28.8,83.7,65.4,9.9,66.1,LOW
66.8,33.4,23.2,27.5,3.0,39.2,HIGH
61.7,78.8,99.1,40.6,4.9,73.1,LOW
30.9,48.2,73.9,91.3,7.7,67.4,LOW
93.2,67.7,20.1,74.9,7.3,49.8,MEDIUM
98.5,88.5,69.3,31.3,5.0,69.2,LOW
81.9,97.9,42.3,79.5,1.9,75.8,LOW
74.7,97.2,88.9,74.3,9.0,85.2,LOW
97.1,62.2,33.9,74.3,8.9,60.7,LOW
59.2,99.5,37.8,23.3,5.2,53.5,MEDIUM
72.9,54.7,51.0,97.5,7.9,61.3,LOW
97.9,59.9,71.7,57.3,1.5,76.5,LOW
73.7,73.1,37.3,43.1,8.0,48.8,MEDIUM
32.9,42.6,63.4,24.3,3.1,43.5,MEDIUM
76.2,20.1,32.6,48.0,2.8,46.0,MEDIUM
76.6,81.5,24.0,26.9,2.7,57.4,MEDIUM
43.8,66.8,17.3,37.5,4.7,37.2,HIGH
86.8,71.0,48.0,97.4,1.0,63.2,LOW
51.1,44.9,60.8,74.3,3.2,56.7,MEDIUM
77.8,36.0,22.2,64.3,3.0,36.8,HIGH
69.7,70.3,59.1,50.1,8.8,63.1,LOW
39.7,55.4,38.2,94.8,7.1,52.4,MEDIUM
59.9,53.6,46.9,22.2,5.6,55.2,MEDIUM
59.5,80.5,65.4,44.2,2.4,62.9,LOW
38.9,63.5,60.9,43.5,7.6,53.6,MEDIUM
58.2,20.5,82.7,90.0,4.6,54.4,MEDIUM
33.8,86.4,68.5,46.7,1.0,56.5,MEDIUM
63.7,46.5,15.5,79.2,6.7,48.8,MEDIUM
33.7,36.4,23.0,79.2,5.0,33.8,HIGH
77.3,88.2,37.1,44.9,9.9,54.3,MEDIUM
63.9,75.0,20.3,20.0,6.0,38.6,HIGH
36.8,36.3,52.6,86.6,4.4,42.9,MEDIUM
38.5,52.4,98.4,85.6,8.4,73.0,LOW
87.5,74.5,87.3,69.4,4.3,81.4,LOW
42.9,85.5,69.2,33.7,7.4,63.7,LOW
63.3,43.2,70.1,96.7,4.9,67.6,LOW
57.4,75.8,19.7,53.4,4.2,39.9,HIGH
62.0,65.1,11.0,44.2,6.5,48.7,MEDIUM
73.4,23.4,91.6,97.0,4.7,73.1,LOW
49.4,98.5,42.2,88.5,5.0,62.6,LOW
79.4,51.2,15.6,72.5,3.5,50.3,MEDIUM
53.8,77.2,80.8,42.3,7.6,65.3,LOW
57.6,93.3,68.1,50.1,4.7,71.1,LOW
70.3,94.2,79.8,62.0,1.3,72.7,LOW
96.9,47.8,65.6,52.3,0.4,68.0,LOW
41.1,27.7,19.6,94.7,4.8,42.8,MEDIUM
98.7,84.7,75.9,38.9,9.0,72.6,LOW
92.5,80.5,47.8,25.1,6.1,56.0,MEDIUM
89.3,25.8,78.7,68.5,8.4,73.1,LOW
52.5,75.9,44.0,99.1,5.7,57.8,MEDIUM
47.7,55.0,35.7,36.1,1.6,47.0,MEDIUM
86.6,35.4,62.4,70.3,6.7,57.2,MEDIUM
86.7,91.5,42.4,52.6,5.5,58.8,MEDIUM
43.0,78.4,92.0,71.4,5.0,78.9,LOW
69.9,57.9,41.7,69.5,5.6,50.5,MEDIUM
34.7,54.2,43.9,25.7,0.8,44.6,MEDIUM
50.9,29.4,30.8,68.1,3.3,35.8,HIGH
95.8,93.8,32.6,76.3,0.7,71.8,LOW
97.8,26.0,61.8,88.3,9.3,65.6,LOW
57.9,24.5,72.8,28.9,4.7,56.5,MEDIUM
48.4,22.4,40.4,40.9,3.3,41.4,MEDIUM
39.8,63.8,76.0,93.9,6.6,73.9,LOW
46.5,25.8,95.3,92.3,7.0,70.7,LOW
32.5,98.5,95.5,67.9,6.1,71.1,LOW
68.6,95.7,34.3,23.3,0.4,53.5,MEDIUM
75.5,54.5,37.3,88.0,9.7,52.2,MEDIUM
33.9,81.9,83.0,62.7,8.6,72.9,LOW
81.7,64.2,14.7,81.3,7.0,52.1,MEDIUM
59.9,31.0,49.4,91.8,9.8,53.6,MEDIUM
43.6,54.9,15.2,38.6,5.9,32.1,HIGH
82.3,91.1,81.4,65.4,9.9,74.7,LOW
80.4,85.0,16.9,30.1,1.8,41.4,MEDIUM
54.5,72.4,32.0,43.4,6.1,49.4,MEDIUM
38.6,26.1,32.5,63.5,4.9,41.4,MEDIUM
55.0,93.2,29.8,77.1,9.4,65.5,LOW
50.5,72.3,57.4,41.4,7.0,58.0,MEDIUM
33.8,92.0,73.5,69.7,2.8,62.6,LOW
39.6,98.1,30.7,79.4,2.1,54.1,MEDIUM
87.1,31.4,98.0,75.9,6.5,73.5,LOW
38.0,59.9,13.0,42.2,3.8,40.6,MEDIUM
35.9,42.3,64.9,59.6,8.6,51.9,MEDIUM
33.1,36.5,26.6,54.5,0.5,30.4,HIGH
67.9,47.8,12.3,68.7,8.9,51.4,MEDIUM
93.5,84.8,63.2,80.6,3.4,81.1,LOW
60.4,54.2,75.6,78.8,0.6,58.0,MEDIUM
57.2,77.7,71.0,88.7,9.4,73.1,LOW
70.1,65.5,56.7,33.0,3.8,61.0,LOW
94.7,30.5,11.4,84.0,9.5,41.3,MEDIUM
47.5,63.4,40.4,51.6,6.2,48.1,MEDIUM
76.1,82.6,82.9,68.6,1.2,76.9,LOW
52.5,41.2,26.1,57.0,4.4,40.1,MEDIUM
97.6,58.4,86.0,37.4,0.6,77.2,LOW
49.4,68.8,38.3,25.1,1.8,49.4,MEDIUM
49.3,89.5,21.5,70.4,1.5,53.0,MEDIUM
33.5,29.2,13.5,74.8,8.6,35.5,HIGH
32.9,77.4,15.5,77.2,2.6,40.4,MEDIUM
77.5,88.6,41.8,77.5,6.0,64.5,LOW
35.4,55.5,56.0,39.0,3.3,46.0,MEDIUM
87.6,53.3,67.8,90.1,1.4,66.0,LOW
85.2,46.8,46.7,72.2,4.7,65.8,LOW
73.5,32.8,14.0,94.4,9.1,38.9,HIGH
72.6,84.6,56.0,82.5,5.1,71.5,LOW
54.1,37.2,84.8,22.6,7.3,54.9,MEDIUM
99.8,26.3,17.0,94.8,2.2,47.9,MEDIUM
70.2,63.9,47.6,78.6,8.5,63.2,LOW
33.6,57.8,57.2,55.3,2.7,56.2,MEDIUM
50.5,39.5,31.9,81.4,3.6,44.4,MEDIUM
82.4,29.2,31.7,78.6,8.8,48.9,MEDIUM
54.6,60.5,92.3,72.3,6.1,71.4,LOW
59.3,65.5,84.4,30.0,5.4,69.4,LOW
58.5,66.8,22.4,40.8,2.9,40.8,MEDIUM
35.7,53.7,98.5,66.1,6.3,72.5,LOW
93.0,90.1,11.4,29.7,2.6,51.7,MEDIUM
95.1,79.4,21.4,22.7,4.3,55.0,MEDIUM
99.3,30.6,88.0,93.5,9.0,74.5,LOW
58.2,64.6,74.1,29.5,9.0,69.0,LOW
71.4,69.3,99.5,23.6,7.4,71.3,LOW
61.4,52.7,50.5,86.8,2.9,57.2,MEDIUM
39.4,34.7,78.9,93.3,9.4,56.2,MEDIUM
92.7,67.5,43.3,72.0,3.8,62.3,LOW
65.6,67.0,95.0,27.8,3.0,66.2,LOW
69.5,91.8,62.2,87.5,4.3,71.1,LOW
52.3,34.3,22.9,85.1,7.3,51.3,MEDIUM
44.7,61.5,61.8,69.2,1.0,53.4,MEDIUM
38.3,41.9,49.5,90.8,2.9,57.2,MEDIUM
99.2,80.3,93.2,73.3,1.4,79.5,LOW
88.7,80.4,12.5,92.2,9.6,61.5,LOW
85.9,20.5,84.9,22.1,2.0,63.4,LOW
70.0,78.6,56.9,86.5,2.9,61.7,LOW
79.4,87.6,50.0,54.6,2.6,70.6,LOW
99.5,78.5,20.5,48.3,0.8,59.0,MEDIUM
80.9,46.2,55.6,42.1,6.3,56.9,MEDIUM
84.4,76.5,38.3,94.0,4.3,72.6,LOW
85.6,45.4,85.7,72.9,8.8,66.4,LOW
74.4,20.6,22.3,50.1,9.4,42.8,MEDIUM
48.6,32.1,83.2,78.7,2.8,55.2,MEDIUM
91.3,96.1,87.1,80.0,0.0,77.8,LOW
69.0,36.7,26.0,53.5,2.6,39.5,HIGH
70.9,71.0,53.6,72.6,1.8,59.3,MEDIUM
46.2,43.4,53.7,83.7,3.9,51.1,MEDIUM
63.7,27.7,20.1,90.5,7.5,40.6,MEDIUM
97.9,46.0,69.6,29.3,4.6,59.2,MEDIUM
37.9,75.8,73.4,81.9,4.8,71.8,LOW
64.2,53.0,31.1,43.3,5.1,52.3,MEDIUM
84.8,24.9,79.5,40.9,3.2,57.0,MEDIUM
60.9,51.9,92.1,41.5,7.3,64.7,LOW
87.3,44.7,46.9,65.8,1.7,51.1,MEDIUM
73.8,95.8,65.2,46.4,6.0,63.8,LOW
80.6,84.2,18.1,76.4,9.1,63.8,LOW
68.7,72.4,56.7,49.0,2.0,54.5,MEDIUM
67.5,88.8,30.6,84.1,9.1,60.9,LOW
45.1,78.7,94.6,22.9,0.2,72.4,LOW
37.2,51.8,53.6,32.6,3.0,41.2,MEDIUM
84.1,39.8,34.5,29.9,7.8,49.7,MEDIUM
39.2,79.2,34.3,26.8,0.7,47.6,MEDIUM
83.4,53.2,11.3,86.4,6.0,44.3,MEDIUM
81.5,83.4,27.5,68.5,3.1,55.8,MEDIUM
65.9,21.9,34.7,36.2,2.6,40.0,MEDIUM
63.0,43.3,18.4,97.4,5.6,47.0,MEDIUM
93.5,62.7,32.0,21.4,5.0,49.6,MEDIUM
56.1,63.7,19.7,37.9,9.8,43.0,MEDIUM
46.2,49.6,60.7,71.4,3.3,60.2,LOW
98.3,27.6,25.2,89.2,4.9,47.2,MEDIUM
39.9,69.3,52.6,77.8,5.7,54.0,MEDIUM
83.7,40.2,38.0,47.0,1.5,45.0,MEDIUM
69.6,52.5,10.5,75.2,7.6,50.5,MEDIUM
68.2,45.0,68.7,45.7,7.1,59.6,MEDIUM
90.1,99.4,17.3,28.4,7.0,54.7,MEDIUM
83.0,33.0,77.3,33.3,4.4,66.7,LOW
32.7,53.9,25.4,84.3,4.9,48.0,MEDIUM
68.3,52.0,36.7,54.8,2.9,55.9,MEDIUM
77.4,61.8,65.4,49.7,6.5,58.8,MEDIUM
66.6,36.4,65.3,77.2,5.2,55.5,MEDIUM
62.4,94.9,93.4,77.6,8.5,79.0,LOW
66.7,86.4,10.9,53.3,1.5,40.6,MEDIUM
98.4,44.9,26.9,75.5,5.4,51.6,MEDIUM
34.3,57.5,24.1,48.0,5.6,35.3,HIGH
74.0,94.2,34.7,85.7,8.7,69.1,LOW
51.4,70.0,46.3,40.4,5.4,55.3,MEDIUM
35.4,32.2,75.8,42.4,2.6,43.0,MEDIUM
85.8,67.0,78.9,46.4,7.7,73.8,LOW
49.4,84.6,88.4,73.5,4.7,70.0,LOW
84.8,99.1,18.2,84.3,1.5,56.1,MEDIUM
91.2,45.9,90.6,24.2,5.1,66.6,LOW
76.5,46.2,55.0,29.4,5.6,51.3,MEDIUM
57.0,58.0,38.1,61.8,5.3,57.3,MEDIUM
89.0,96.4,95.1,86.7,7.1,97.2,LOW
69.2,59.2,81.0,74.8,5.6,70.0,LOW
54.4,22.0,42.9,57.3,6.7,47.0,MEDIUM
45.0,64.8,99.8,95.2,3.8,71.2,LOW
82.3,20.9,49.8,62.1,0.1,45.4,MEDIUM
36.6,49.5,32.8,93.7,6.1,40.8,MEDIUM
49.2,58.3,14.0,75.6,2.5,43.9,MEDIUM
98.0,85.9,87.7,94.2,10.0,93.0,LOW
64.3,57.9,88.7,80.0,8.1,67.0,LOW
32.0,91.5,23.8,78.9,8.7,47.9,MEDIUM
59.4,87.7,15.0,71.0,0.6,43.6,MEDIUM
68.1,98.7,27.5,69.1,0.2,63.8,LOW
89.4,45.3,73.8,92.5,5.9,79.0,LOW
66.1,95.2,46.3,87.0,6.7,62.7,LOW
87.8,60.1,75.6,26.7,4.4,61.7,LOW
43.9,60.4,25.6,79.7,8.4,41.0,MEDIUM
49.2,48.1,40.7,65.5,7.0,50.5,MEDIUM
62.4,29.3,18.2,78.4,1.9,40.3,MEDIUM
97.6,81.3,81.0,37.4,3.7,69.0,LOW
80.7,39.7,85.4,71.4,9.0,66.2,LOW
82.9,30.6,14.8,76.5,1.8,36.0,HIGH
52.1,38.1,26.9,90.7,1.8,40.6,MEDIUM
78.8,41.2,54.1,66.3,3.5,59.0,MEDIUM
61.5,70.5,84.9,22.9,8.3,65.4,LOW
67.7,36.9,73.2,47.8,8.1,64.3,LOW
44.5,76.0,55.3,86.4,7.9,57.6,MEDIUM
84.1,40.7,52.1,22.5,1.2,51.7,MEDIUM
43.0,31.2,62.8,49.8,3.8,49.2,MEDIUM
32.4,76.1,66.7,89.5,0.1,61.1,LOW
53.4,71.8,19.0,93.1,3.1,50.3,MEDIUM
43.0,21.7,82.8,56.5,5.8,53.3,MEDIUM
58.0,86.7,32.7,49.9,3.4,56.8,MEDIUM
51.0,97.7,89.0,81.1,9.0,82.6,LOW
59.5,81.9,95.9,52.1,0.3,74.1,LOW
94.6,90.9,96.9,95.4,2.0,98.4,LOW
82.6,30.4,40.0,96.8,9.7,54.4,MEDIUM
83.6,84.1,51.3,33.2,0.0,55.0,MEDIUM
91.8,44.1,17.2,38.9,2.0,35.7,HIGH
47.1,74.8,86.1,49.9,4.8,65.7,LOW
63.0,74.9,72.9,93.0,6.7,79.4,LOW
79.4,81.0,18.6,30.3,7.6,45.1,MEDIUM
84.1,91.8,83.8,78.4,4.2,81.3,LOW
35.0,59.1,76.6,66.9,2.2,61.5,LOW
83.7,49.5,40.6,85.9,6.1,63.3,LOW
94.0,71.6,22.4,35.0,2.1,49.8,MEDIUM
53.8,72.3,48.3,42.8,3.9,59.3,MEDIUM
32.4,96.7,48.0,33.1,6.8,61.2,LOW
62.5,26.6,71.7,28.1,8.6,57.6,MEDIUM
30.9,45.5,61.7,50.7,4.5,48.8,MEDIUM
97.2,52.1,79.4,44.2,2.6,70.3,LOW
72.3,84.2,50.5,49.8,4.7,60.4,LOW
67.5,49.2,80.7,98.5,5.3,69.6,LOW
77.2,32.0,40.3,94.7,5.9,49.9,MEDIUM
86.9,78.2,50.9,23.9,2.8,53.7,MEDIUM
64.3,49.4,90.0,74.9,2.5,66.6,LOW
50.7,85.5,58.8,34.3,3.6,51.3,MEDIUM
52.7,70.9,63.6,48.6,0.4,61.8,LOW
47.4,26.7,18.5,78.1,6.3,36.4,HIGH
49.2,97.7,72.0,39.5,8.3,74.9,LOW
81.3,61.9,51.3,26.1,3.7,49.8,MEDIUM
98.4,71.0,89.4,50.6,9.8,74.5,LOW
94.9,79.9,48.0,21.8,9.5,59.9,MEDIUM
75.7,90.6,85.3,54.7,1.2,71.5,LOW
48.3,44.3,56.3,88.3,2.4,59.7,MEDIUM
56.2,57.8,78.5,55.0,7.5,69.6,LOW
49.4,73.7,64.4,92.8,6.8,64.5,LOW
58.5,21.5,47.3,30.4,2.7,41.1,MEDIUM
98.3,45.5,29.9,21.4,3.2,39.3,HIGH
50.1,77.0,84.4,67.0,6.3,69.3,LOW
57.2,94.4,11.1,47.2,3.5,46.9,MEDIUM
62.3,79.4,29.0,75.8,6.7,53.3,MEDIUM
32.3,88.2,97.1,70.5,5.6,73.4,LOW
44.5,98.8,43.2,43.3,3.2,59.6,MEDIUM
32.1,70.0,25.0,48.1,4.3,50.0,MEDIUM
31.6,97.9,60.1,59.3,2.3,68.6,LOW
39.2,68.6,86.5,27.8,2.2,68.4,LOW
70.0,34.3,24.3,82.2,7.3,45.5,MEDIUM
58.6,80.1,47.6,67.9,3.2,58.0,MEDIUM
37.4,90.8,96.4,80.9,3.2,78.2,LOW
57.5,88.7,54.5,57.1,8.3,64.7,LOW
94.7,34.2,36.0,62.6,3.3,50.6,MEDIUM
42.1,92.6,44.5,72.2,9.7,61.4,LOW
74.5,69.5,22.5,69.6,10.0,57.2,MEDIUM
81.3,95.6,39.3,40.0,5.7,62.3,LOW
36.4,49.6,76.9,90.7,6.5,64.3,LOW
90.4,88.0,24.5,49.5,8.7,55.2,MEDIUM
95.6,93.7,39.0,43.4,8.9,62.5,LOW
62.3,39.6,64.3,99.2,8.0,71.3,LOW
65.0,28.9,64.4,46.5,9.2,48.9,MEDIUM
62.4,97.0,10.6,22.6,6.8,53.1,MEDIUM
99.7,89.0,16.3,53.4,2.6,60.7,LOW
38.5,82.1,68.2,62.7,0.2,61.3,LOW
80.8,43.4,45.9,85.8,7.7,57.6,MEDIUM
80.2,60.9,68.5,54.3,1.2,58.3,MEDIUM
48.4,86.0,77.8,28.9,1.7,62.2,LOW
53.8,93.0,81.6,36.8,1.0,70.9,LOW
35.2,91.9,54.2,39.6,2.6,52.9,MEDIUM
61.1,83.0,73.0,65.5,5.9,75.5,LOW
40.4,43.1,29.9,49.7,3.6,35.2,HIGH
96.1,32.7,67.1,58.0,4.4,58.5,MEDIUM
82.1,75.6,23.2,43.4,3.8,54.0,MEDIUM
32.0,36.9,37.3,66.7,2.6,43.5,MEDIUM
82.2,99.7,46.5,69.5,1.7,66.4,LOW
40.9,88.2,38.3,49.9,8.7,55.2,MEDIUM
41.8,62.0,25.8,91.8,0.1,53.9,MEDIUM
54.0,44.7,30.2,42.3,7.8,47.4,MEDIUM
75.5,48.5,51.3,93.0,9.1,69.1,LOW
89.2,82.6,57.2,38.3,2.0,67.9,LOW
57.9,27.9,39.7,25.4,5.5,39.6,HIGH
81.9,89.8,97.3,24.5,5.7,75.4,LOW
47.9,79.2,72.1,72.1,2.5,69.7,LOW
61.9,23.2,64.8,64.2,0.9,46.0,MEDIUM
88.1,25.1,91.3,61.8,0.6,61.1,LOW
71.0,66.5,51.8,63.0,7.8,59.4,MEDIUM
74.4,35.7,20.5,26.7,2.0,36.7,HIGH
45.0,59.0,61.2,66.5,8.6,53.2,MEDIUM
92.1,82.2,27.5,84.5,6.1,63.6,LOW
30.0,80.4,64.1,59.4,1.8,58.5,MEDIUM
66.0,96.1,37.0,89.4,2.5,61.2,LOW
69.3,44.7,49.6,98.2,9.5,61.7,LOW
52.3,97.9,52.3,33.1,0.7,57.5,MEDIUM
51.3,94.0,49.9,71.0,5.4,59.5,MEDIUM
84.5,81.0,29.2,60.1,3.2,58.5,MEDIUM
37.2,44.0,64.9,65.7,1.5,46.3,MEDIUM
83.6,82.9,86.7,68.8,1.6,86.2,LOW
98.7,72.3,81.0,82.4,2.7,86.8,LOW
63.0,88.5,37.3,31.6,3.3,51.8,MEDIUM
82.2,56.0,48.3,51.5,4.2,61.4,LOW
58.3,97.5,41.8,84.4,9.7,72.4,LOW
31.4,76.3,28.8,77.3,2.9,46.5,MEDIUM
52.5,83.3,39.3,64.8,2.0,51.2,MEDIUM
65.2,88.5,19.6,39.5,3.3,49.3,MEDIUM
80.5,57.6,97.4,23.7,6.6,74.4,LOW
93.6,59.0,35.2,68.5,3.8,51.6,MEDIUM
74.8,42.1,43.3,93.9,1.1,49.4,MEDIUM
82.5,46.0,79.8,53.1,1.5,59.1,MEDIUM
50.9,36.0,17.9,39.6,5.7,38.4,HIGH
48.3,62.5,36.2,21.7,7.7,38.1,HIGH
85.0,76.9,38.3,88.3,9.1,66.6,LOW
91.9,34.7,52.1,56.9,3.3,58.3,MEDIUM
79.3,40.4,77.3,21.9,1.2,55.5,MEDIUM
57.7,58.9,14.3,62.3,9.1,45.4,MEDIUM
31.1,55.0,12.9,60.3,8.0,42.2,MEDIUM
64.4,66.0,67.1,78.8,5.7,75.1,LOW
84.6,62.5,81.9,87.7,0.9,81.6,LOW
72.7,99.4,77.7,81.4,4.3,77.4,LOW
61.6,90.4,76.5,72.0,0.7,75.2,LOW
53.8,62.2,72.3,85.6,4.3,58.9,MEDIUM
70.2,20.5,84.5,21.5,2.3,51.9,MEDIUM
48.1,37.8,70.7,46.1,4.6,55.7,MEDIUM
83.9,66.0,41.9,90.4,8.7,60.3,LOW
84.1,36.5,26.3,22.1,6.0,47.0,MEDIUM
84.6,63.2,95.9,46.2,3.2,70.5,LOW
44.6,44.2,48.2,41.7,9.4,43.3,MEDIUM
54.9,31.0,90.9,55.2,8.3,61.0,LOW
61.1,79.5,76.6,50.4,4.5,67.1,LOW
44.4,50.4,83.3,27.4,1.8,62.3,LOW
80.7,29.7,78.1,29.6,4.9,59.5,MEDIUM
82.5,45.4,27.2,98.8,8.0,53.9,MEDIUM
47.9,29.0,51.1,20.6,8.0,40.2,MEDIUM
90.0,48.4,95.1,86.9,4.3,84.1,LOW
51.0,100.0,17.6,71.5,3.9,53.6,MEDIUM
96.6,42.0,68.3,45.9,1.4,57.3,MEDIUM
69.5,30.2,24.0,75.6,7.6,38.0,HIGH
86.2,89.3,69.5,49.7,4.1,67.9,LOW
42.1,94.9,96.9,79.4,8.1,76.9,LOW
91.5,28.8,24.6,59.8,3.1,46.6,MEDIUM
93.6,41.2,38.9,82.7,3.3,62.9,LOW
32.4,89.8,92.2,23.7,3.8,68.2,LOW
66.8,32.7,11.3,91.8,0.9,47.5,MEDIUM
37.9,58.1,98.5,88.5,5.4,66.7,LOW
72.2,70.9,38.0,57.6,9.0,52.7,MEDIUM
75.9,49.2,65.2,77.3,4.8,68.3,LOW
89.6,35.7,29.7,30.4,9.4,42.1,MEDIUM
35.8,27.6,46.3,91.0,1.1,40.1,MEDIUM
42.9,72.7,39.6,97.9,6.7,59.0,MEDIUM
70.4,90.7,78.4,30.5,4.2,73.4,LOW
70.6,94.8,13.1,92.5,3.9,51.0,MEDIUM
43.9,34.6,22.9,22.7,7.9,27.4,HIGH
52.6,65.8,53.5,47.5,6.3,61.0,LOW
70.4,56.2,29.3,69.7,5.5,45.5,MEDIUM
49.6,81.5,93.1,47.0,8.9,70.5,LOW
86.5,59.0,59.4,73.1,6.7,64.6,LOW
66.3,25.0,42.9,71.4,9.6,44.1,MEDIUM
45.9,56.6,20.0,64.0,3.0,47.4,MEDIUM
51.5,54.9,98.6,26.6,8.7,67.0,LOW
57.8,95.3,99.9,35.6,8.4,75.4,LOW
31.2,78.7,41.9,68.1,1.5,57.3,MEDIUM
66.8,84.0,42.6,38.4,9.5,60.3,LOW
56.2,28.0,24.9,70.7,6.2,46.2,MEDIUM
82.6,32.2,94.8,68.8,8.6,68.8,LOW
97.1,95.9,36.7,92.1,9.7,81.2,LOW
62.8,30.9,94.4,20.0,2.5,58.5,MEDIUM
51.8,93.8,65.2,96.7,0.6,70.0,LOW
40.1,85.8,78.8,84.6,9.5,70.4,LOW
85.0,71.7,45.2,35.5,8.3,53.3,MEDIUM
97.4,42.1,90.3,29.9,7.4,76.9,LOW
40.6,55.5,70.5,80.8,0.1,52.7,MEDIUM
51.8,28.2,66.6,57.7,6.6,49.5,MEDIUM
38.7,79.4,50.9,25.6,9.8,60.7,LOW
53.9,41.8,98.9,50.5,8.9,61.7,LOW
62.7,66.8,88.9,75.3,7.9,79.7,LOW
45.7,28.2,99.8,68.3,6.0,62.2,LOW
90.9,73.2,85.3,97.1,4.2,85.2,LOW
90.6,42.4,75.2,42.1,2.5,62.7,LOW
59.4,86.9,98.5,26.6,1.0,77.5,LOW
47.0,59.6,63.2,73.3,1.0,62.4,LOW
79.6,64.9,85.4,50.1,5.2,79.0,LOW
56.8,68.1,63.1,83.5,9.5,69.0,LOW
38.2,81.1,42.5,73.8,9.0,57.1,MEDIUM
57.6,79.5,41.3,83.1,8.5,63.7,LOW
66.6,95.2,83.2,70.2,7.8,83.4,LOW
31.8,65.4,12.2,95.7,1.0,48.6,MEDIUM
86.1,78.3,86.4,40.3,8.2,74.7,LOW
98.2,39.9,50.1,23.8,4.6,60.9,LOW
48.4,83.5,28.8,81.7,5.5,52.8,MEDIUM
58.1,47.9,83.4,87.6,8.6,67.6,LOW
73.1,79.2,85.3,38.2,8.3,67.8,LOW
80.5,71.2,38.2,59.8,1.9,55.3,MEDIUM
48.5,76.6,41.6,84.5,9.0,64.7,LOW
97.2,45.8,20.0,66.5,9.1,55.6,MEDIUM
69.2,80.5,58.4,51.8,7.0,60.9,LOW
36.3,67.8,88.9,52.4,2.6,67.9,LOW
67.3,51.7,92.9,28.3,9.6,73.0,LOW
92.1,43.5,61.3,26.6,10.0,58.8,MEDIUM
32.9,63.8,70.1,41.9,4.9,61.1,LOW
98.8,39.6,30.3,71.8,2.2,44.3,MEDIUM
47.1,21.7,65.1,87.0,4.1,53.5,MEDIUM
69.8,53.0,86.3,66.5,6.3,76.8,LOW
98.5,79.7,73.6,98.6,8.0,80.4,LOW
55.9,92.0,94.3,45.6,3.6,83.2,LOW
39.4,88.8,98.8,39.8,5.4,67.4,LOW
98.7,82.7,55.7,58.1,3.1,75.1,LOW
72.3,77.6,74.6,71.6,5.5,81.2,LOW
62.6,65.9,14.8,69.5,5.0,46.1,MEDIUM
96.7,33.7,60.4,64.7,0.6,56.5,MEDIUM
90.7,31.8,71.4,25.2,7.2,59.6,MEDIUM
96.3,78.2,74.2,59.3,7.0,84.3,LOW
99.0,37.2,50.7,63.1,6.7,56.9,MEDIUM
69.9,90.1,95.2,31.5,5.4,80.2,LOW
52.0,20.5,64.9,77.0,3.6,45.5,MEDIUM
98.4,69.1,57.7,78.4,7.3,68.5,LOW
72.1,80.7,26.1,34.5,6.5,52.1,MEDIUM
38.4,27.1,95.2,65.9,9.5,60.6,LOW
58.5,75.7,22.5,47.5,1.0,43.8,MEDIUM
79.5,90.3,55.0,34.8,4.0,60.6,LOW
99.0,70.6,40.6,80.1,5.2,58.6,MEDIUM
72.4,98.6,15.3,49.9,1.7,60.2,LOW
67.0,20.4,44.6,22.2,9.1,43.0,MEDIUM
90.2,96.5,27.0,69.7,1.8,58.5,MEDIUM
54.2,89.8,92.1,68.0,5.7,84.8,LOW
79.4,90.4,26.0,31.9,8.2,49.0,MEDIUM
32.7,63.0,96.2,95.3,8.1,71.3,LOW
50.4,47.9,26.2,61.5,9.0,44.9,MEDIUM
72.2,99.8,92.8,95.0,9.3,91.5,LOW
57.2,55.8,20.5,64.4,3.4,41.8,MEDIUM
46.8,85.4,27.0,52.3,3.6,56.5,MEDIUM
94.5,84.9,91.9,76.6,8.4,81.6,LOW
66.4,73.1,38.8,62.2,5.8,57.9,MEDIUM
57.6,63.7,28.1,45.6,4.5,41.5,MEDIUM
96.1,54.1,49.2,26.6,0.2,47.7,MEDIUM
69.3,68.8,37.5,99.4,7.7,67.3,LOW
78.9,62.2,13.7,95.7,3.1,53.4,MEDIUM
93.0,63.4,67.7,79.1,5.3,65.4,LOW
51.2,35.1,96.8,24.2,8.3,66.7,LOW
81.7,61.9,26.0,49.7,7.0,58.4,MEDIUM
36.9,96.0,90.3,77.0,0.7,70.1,LOW
44.5,71.2,11.4,93.8,2.1,48.8,MEDIUM
94.7,20.4,31.6,85.1,8.3,59.8,MEDIUM
99.1,86.1,43.5,87.0,0.4,64.1,LOW
47.2,73.5,89.4,53.8,5.7,75.8,LOW
73.8,36.4,89.1,78.9,2.7,71.3,LOW
59.1,53.1,35.0,92.1,8.2,55.1,MEDIUM
72.0,70.1,45.6,75.7,4.5,64.1,LOW
45.6,71.0,20.4,92.2,4.9,45.2,MEDIUM
52.9,95.5,33.1,74.5,9.3,60.2,LOW
67.5,42.8,61.3,28.7,1.2,55.7,MEDIUM
91.9,96.0,59.9,59.8,1.3,80.9,LOW
62.8,28.7,30.6,86.6,1.8,48.5,MEDIUM
86.4,39.3,65.4,55.0,1.4,60.5,LOW
32.9,94.7,79.0,35.1,2.1,61.3,LOW
69.8,95.9,40.7,96.0,9.2,68.8,LOW
44.0,71.5,45.2,32.2,2.9,41.8,MEDIUM
42.9,35.5,69.2,55.1,8.7,47.4,MEDIUM
47.2,62.3,60.1,31.5,9.6,48.5,MEDIUM
77.9,52.8,58.1,69.5,1.7,67.3,LOW
55.9,31.5,19.3,38.7,3.8,34.5,HIGH
87.0,81.5,20.8,38.0,6.3,54.9,MEDIUM
35.2,71.9,92.0,95.0,6.4,71.2,LOW
73.1,56.0,77.3,74.6,6.1,67.4,LOW
99.2,56.4,92.7,32.3,5.4,71.7,LOW
40.1,71.0,25.7,97.4,10.0,60.5,LOW
55.8,21.7,82.5,31.5,4.6,55.9,MEDIUM
67.9,38.2,46.2,87.2,3.5,61.2,LOW
59.5,53.4,76.0,55.5,3.9,59.9,MEDIUM
52.8,51.9,75.1,36.5,2.2,51.5,MEDIUM
43.6,89.9,69.3,69.5,9.0,71.1,LOW
83.5,52.7,68.0,37.1,1.4,53.7,MEDIUM
75.7,44.0,85.0,82.0,6.2,64.1,LOW
45.2,64.1,24.1,50.7,5.2,38.6,HIGH
61.0,75.5,44.7,73.4,2.7,63.0,LOW
69.4,32.5,46.2,82.5,2.0,50.1,MEDIUM
62.8,89.4,21.7,94.5,3.2,65.2,LOW
72.9,78.8,88.8,74.1,7.9,73.8,LOW
30.6,89.0,14.7,88.2,3.1,54.7,MEDIUM
44.2,32.0,29.2,87.3,3.6,48.5,MEDIUM
70.8,86.3,52.8,76.3,2.9,60.7,LOW
69.3,92.1,23.7,53.2,5.3,57.7,MEDIUM
41.1,64.2,52.3,98.7,6.9,67.3,LOW
98.3,73.1,23.2,55.6,7.6,52.4,MEDIUM
56.7,50.3,25.3,21.6,6.9,44.5,MEDIUM
95.2,66.8,26.4,91.5,9.7,70.7,LOW
69.7,90.8,98.9,90.9,0.7,79.4,LOW
51.0,51.5,23.5,99.4,7.9,52.9,MEDIUM
97.3,45.7,74.0,95.9,0.8,73.2,LOW
86.0,21.3,90.2,53.4,1.7,68.6,LOW
43.4,42.4,56.8,93.3,4.9,62.1,LOW
33.6,39.1,37.6,55.9,4.3,32.8,HIGH
82.5,80.8,51.2,26.4,5.5,55.4,MEDIUM
98.5,69.9,76.1,21.5,3.8,75.4,LOW
56.6,22.9,70.5,75.7,3.4,59.6,MEDIUM
89.8,82.7,46.6,47.4,9.4,70.3,LOW
68.7,59.1,34.0,93.1,9.2,52.3,MEDIUM
76.6,45.5,55.8,29.1,8.1,59.5,MEDIUM
37.5,26.0,43.6,32.3,8.0,42.6,MEDIUM
90.5,20.8,11.2,84.6,8.7,46.1,MEDIUM
40.9,70.1,88.4,56.9,8.7,74.1,LOW
37.4,29.8,73.4,36.0,7.5,43.1,MEDIUM
36.4,96.1,10.3,83.3,2.3,41.4,MEDIUM
35.6,45.6,57.6,58.1,2.0,56.2,MEDIUM
72.4,34.9,35.9,74.1,8.7,44.2,MEDIUM
42.9,20.5,25.8,35.8,1.4,29.5,HIGH
98.1,76.0,73.3,26.1,1.9,66.3,LOW
99.4,33.0,67.2,67.4,6.0,64.9,LOW
50.0,54.1,84.2,78.8,5.3,69.9,LOW
97.8,40.1,77.9,25.2,0.6,58.4,MEDIUM
81.3,69.6,83.6,26.4,7.6,74.1,LOW
30.8,79.5,17.9,67.1,9.2,44.7,MEDIUM
77.7,74.3,15.9,41.0,8.4,49.2,MEDIUM
82.0,58.4,55.0,81.1,3.1,72.0,LOW
43.3,67.0,13.8,48.2,4.6,39.2,HIGH
94.6,87.7,97.5,57.1,9.0,87.3,LOW
39.9,80.0,47.8,22.0,1.4,45.8,MEDIUM
99.3,70.6,45.9,21.1,7.9,63.3,LOW
42.1,67.4,26.6,27.6,3.9,35.1,HIGH
53.6,21.7,45.3,44.3,9.6,44.2,MEDIUM
45.9,58.9,75.1,54.6,9.5,57.7,MEDIUM
97.8,24.8,96.5,25.4,3.2,64.6,LOW
50.3,38.8,94.9,84.3,4.2,59.9,MEDIUM
51.6,32.7,66.7,74.7,4.3,49.1,MEDIUM
39.1,42.6,75.2,84.6,8.6,59.7,MEDIUM
97.9,25.0,50.2,53.4,2.1,49.7,MEDIUM
46.3,89.7,38.1,93.3,9.7,68.5,LOW
68.8,66.2,39.8,35.6,1.3,47.4,MEDIUM
74.3,97.7,30.6,67.4,2.4,66.4,LOW
64.2,57.6,11.7,60.9,1.0,45.0,MEDIUM
73.7,26.5,54.2,68.2,8.9,62.3,LOW
48.6,56.0,80.0,83.3,2.8,59.9,MEDIUM
89.3,24.7,32.2,70.6,3.3,52.7,MEDIUM
63.8,31.7,34.5,45.6,9.9,46.2,MEDIUM
67.5,85.9,68.1,96.6,6.0,70.2,LOW
81.3,78.8,27.5,83.9,2.8,64.2,LOW
59.6,85.5,11.0,40.9,1.4,36.4,HIGH
75.6,81.0,17.1,57.2,9.1,48.8,MEDIUM
73.8,64.4,63.4,80.7,1.1,62.1,LOW
49.3,76.5,50.8,33.0,1.3,59.7,MEDIUM
38.7,89.4,59.7,49.5,3.2,63.5,LOW
68.5,70.3,68.2,51.6,3.3,69.9,LOW
32.4,42.6,60.9,65.5,8.8,45.6,MEDIUM
80.2,30.5,15.7,25.4,1.5,34.1,HIGH
95.8,38.8,77.9,97.8,3.4,71.1,LOW
82.6,59.4,59.1,62.0,6.4,62.9,LOW
40.8,85.8,83.3,55.9,1.2,74.3,LOW
48.3,39.1,68.0,64.6,0.5,58.7,MEDIUM
45.8,23.4,29.7,38.6,1.5,37.9,HIGH
65.0,45.8,78.0,73.6,0.2,67.1,LOW
64.5,73.6,72.7,64.0,0.4,68.0,LOW
44.6,66.6,10.6,76.1,5.8,41.5,MEDIUM
92.9,33.1,29.2,62.9,9.2,55.0,MEDIUM
49.7,64.5,56.0,32.8,2.0,53.3,MEDIUM
53.4,46.2,33.4,29.5,2.9,32.3,HIGH
72.2,72.1,56.1,52.5,1.8,53.5,MEDIUM
86.3,79.4,88.7,36.0,5.7,80.4,LOW
88.3,73.9,89.8,85.4,3.6,75.0,LOW
73.8,65.3,89.6,40.2,5.1,68.0,LOW
45.1,34.5,40.1,60.0,7.2,47.8,MEDIUM
62.1,51.3,77.8,93.7,4.8,70.5,LOW
85.7,73.4,94.4,26.2,1.1,65.0,LOW
32.2,24.0,11.0,41.9,0.0,21.7,HIGH
81.0,96.9,18.8,49.4,6.5,65.2,LOW
81.9,49.8,35.2,72.3,3.0,46.1,MEDIUM
38.4,31.3,51.1,94.6,9.8,59.1,MEDIUM
38.4,70.9,95.7,83.4,8.8,82.7,LOW
42.2,29.0,75.2,56.4,8.9,58.0,MEDIUM
49.1,21.8,60.7,25.1,6.9,39.2,HIGH
57.8,50.2,13.3,54.6,4.7,34.1,HIGH
30.9,91.8,69.1,96.8,8.8,75.6,LOW
80.3,36.2,34.1,73.7,9.6,47.9,MEDIUM
78.3,84.8,99.6,23.5,5.6,83.8,LOW
69.1,76.2,81.3,77.2,7.4,73.2,LOW
36.2,49.4,83.9,63.6,3.7,66.8,LOW
80.8,63.3,38.9,71.1,4.1,59.6,MEDIUM
56.0,98.7,79.1,31.8,6.7,77.9,LOW
77.3,52.6,96.5,26.9,2.5,61.9,LOW
94.7,71.6,50.6,63.1,6.8,73.7,LOW
54.0,93.5,98.4,31.6,3.4,77.2,LOW
82.1,88.1,61.6,98.2,7.9,83.9,LOW
57.7,85.9,89.3,99.2,5.4,82.2,LOW
70.3,40.4,59.5,95.4,7.4,65.9,LOW
85.1,59.1,39.3,86.9,3.7,67.4,LOW
66.6,85.5,29.7,48.1,4.1,58.4,MEDIUM
37.4,71.2,50.8,86.7,9.0,55.6,MEDIUM
30.0,83.5,55.4,28.6,1.4,44.4,MEDIUM
96.5,39.3,46.6,86.0,5.4,54.6,MEDIUM
87.0,21.9,12.8,29.7,1.9,37.2,HIGH
35.0,40.3,95.6,53.8,3.6,58.9,MEDIUM
78.8,44.0,44.9,36.7,4.3,51.6,MEDIUM
63.5,69.2,13.8,59.3,0.3,41.0,MEDIUM
32.2,76.1,87.5,50.7,5.4,60.0,LOW
78.2,69.6,41.6,97.7,4.9,57.1,MEDIUM
32.7,59.0,91.5,58.0,5.4,58.0,MEDIUM
80.7,77.2,93.0,56.4,7.5,76.1,LOW
98.9,22.7,37.9,82.2,8.5,50.8,MEDIUM
58.7,20.8,21.6,89.0,7.8,48.7,MEDIUM
61.1,60.2,51.7,75.8,3.9,65.5,LOW
75.8,23.9,62.7,75.9,4.9,63.4,LOW
50.5,33.0,36.1,46.5,1.1,33.0,HIGH
88.6,35.9,53.8,20.5,7.8,57.4,MEDIUM
93.4,81.8,13.9,34.6,3.4,53.8,MEDIUM
89.2,38.3,50.0,76.1,9.1,54.5,MEDIUM
39.7,79.2,95.2,65.0,4.4,70.9,LOW
78.9,21.6,57.3,75.5,6.3,49.4,MEDIUM
63.2,42.3,60.2,53.8,0.7,48.9,MEDIUM
96.4,48.6,46.1,93.5,9.1,72.1,LOW
38.5,33.0,61.3,73.2,4.5,58.6,MEDIUM
56.1,41.0,16.0,83.2,1.9,39.1,HIGH
69.2,38.6,23.3,30.7,7.0,31.9,HIGH
34.2,83.0,20.1,73.3,5.9,40.7,MEDIUM
91.6,31.0,92.9,88.8,8.0,70.9,LOW
63.2,58.3,18.9,51.0,6.3,45.3,MEDIUM
86.3,31.7,21.4,60.8,8.6,39.2,HIGH
65.9,99.0,61.0,39.8,7.5,74.4,LOW
55.3,38.0,33.6,24.8,4.3,44.1,MEDIUM
84.6,22.2,70.4,94.5,3.9,64.9,LOW
90.7,79.9,21.5,69.2,7.9,66.2,LOW
75.2,80.4,24.2,67.9,2.9,59.6,MEDIUM
60.3,22.5,16.0,26.8,8.9,26.1,HIGH
74.9,49.6,45.4,57.2,8.1,62.6,LOW
51.2,62.8,39.4,44.7,9.5,51.4,MEDIUM
57.0,89.7,72.0,75.6,9.2,76.6,LOW
76.3,65.9,52.2,27.3,4.9,54.0,MEDIUM
66.2,70.5,32.6,41.5,2.7,46.5,MEDIUM
65.9,45.0,91.5,92.6,5.7,70.8,LOW
51.4,86.1,56.6,52.9,2.6,59.6,MEDIUM
76.1,81.5,90.1,31.1,7.7,72.4,LOW
78.1,48.9,58.8,45.7,8.0,60.6,LOW
42.1,78.0,88.9,71.1,2.1,75.4,LOW
88.1,34.6,68.3,59.8,2.5,60.1,LOW
49.0,65.5,58.4,31.7,6.1,50.5,MEDIUM
97.7,85.0,98.5,20.3,1.9,86.2,LOW
94.9,56.4,99.2,66.7,2.8,80.3,LOW
43.9,24.1,48.5,98.5,6.0,49.2,MEDIUM
57.1,29.6,26.3,48.9,8.0,32.2,HIGH
89.3,42.2,59.4,41.5,7.8,66.1,LOW
78.1,36.4,90.2,65.3,0.1,63.5,LOW
73.7,42.2,48.7,38.4,6.2,52.3,MEDIUM
48.7,64.2,85.7,32.1,5.5,60.4,LOW
45.4,84.5,84.3,36.3,6.2,75.5,LOW
36.4,79.2,98.1,41.6,4.9,63.6,LOW
89.2,37.7,51.4,33.3,1.7,46.6,MEDIUM
37.5,39.1,37.8,66.4,6.0,41.7,MEDIUM
44.9,28.0,17.4,77.0,4.4,39.6,HIGH
56.9,69.2,44.2,63.3,2.7,61.1,LOW
64.4,83.2,57.2,45.8,5.0,64.9,LOW
88.7,68.5,43.6,76.3,6.0,67.8,LOW
56.4,83.0,28.6,45.1,4.1,46.8,MEDIUM
50.3,38.5,64.0,57.6,0.2,57.8,MEDIUM
47.1,75.8,50.7,84.0,3.9,58.2,MEDIUM
56.7,59.3,75.2,92.7,0.9,62.9,LOW
46.0,49.3,99.7,58.3,1.7,71.7,LOW
75.2,67.9,82.9,87.7,9.8,76.9,LOW
83.2,27.2,92.4,27.4,7.0,56.2,MEDIUM
35.5,94.6,50.8,43.5,8.6,55.8,MEDIUM
94.1,38.3,38.0,61.6,2.3,45.6,MEDIUM
33.7,72.4,80.6,96.3,9.4,67.0,LOW
68.4,95.4,90.5,38.9,8.1,74.2,LOW
79.9,25.4,19.1,85.4,1.8,36.7,HIGH
62.4,80.9,75.1,32.2,9.3,64.4,LOW
30.6,88.4,79.0,61.1,0.2,65.2,LOW
34.0,30.8,14.4,32.5,1.3,30.9,HIGH
88.4,65.9,35.1,39.7,1.8,47.1,MEDIUM
47.4,71.2,77.9,25.4,3.8,52.3,MEDIUM
62.3,83.9,71.0,51.6,5.4,67.2,LOW
66.8,97.0,94.9,48.3,6.1,84.6,LOW
82.5,80.1,57.1,52.6,5.0,66.9,LOW
86.3,36.6,64.0,49.4,3.0,59.4,MEDIUM
58.9,50.1,43.6,45.2,2.0,39.6,HIGH
60.5,71.1,23.2,89.2,7.9,59.3,MEDIUM
75.4,44.2,32.0,21.3,2.3,40.7,MEDIUM
64.1,57.3,51.9,90.6,4.6,59.9,MEDIUM
33.6,95.8,90.7,93.8,3.0,70.8,LOW
62.6,50.9,68.8,54.7,6.0,58.2,MEDIUM
65.9,58.2,94.1,89.5,4.8,74.1,LOW
43.5,93.8,24.9,99.4,1.5,59.9,MEDIUM
48.9,22.0,29.7,61.7,0.2,33.5,HIGH
85.9,56.8,66.0,42.8,0.5,61.4,LOW
38.6,55.1,53.9,81.1,0.4,57.2,MEDIUM
81.0,65.3,16.1,97.5,9.3,55.5,MEDIUM
76.2,55.2,75.0,41.4,1.4,68.8,LOW
36.5,50.7,45.5,23.4,3.0,48.2,MEDIUM
43.6,65.5,47.6,86.1,1.5,56.2,MEDIUM
47.9,93.3,10.1,25.3,8.6,40.8,MEDIUM
63.8,25.3,52.1,98.5,9.2,56.6,MEDIUM
35.6,56.8,90.9,69.3,9.8,74.0,LOW
96.9,40.6,60.3,91.1,8.1,65.6,LOW
76.5,62.1,70.1,86.8,5.9,74.3,LOW
86.4,82.3,32.1,85.2,4.3,60.4,LOW
95.8,44.0,97.5,99.3,0.5,80.9,LOW
86.1,40.6,84.2,64.4,8.4,66.2,LOW
96.9,57.1,23.8,27.9,5.4,46.7,MEDIUM
82.0,53.5,39.8,26.5,1.6,48.2,MEDIUM
95.0,25.3,38.3,91.1,4.4,59.6,MEDIUM
40.8,57.9,12.8,95.0,1.2,37.7,HIGH
91.5,59.3,96.2,67.1,4.1,84.5,LOW
50.1,68.8,24.8,32.7,3.3,40.5,MEDIUM
35.8,26.6,81.7,20.7,5.4,48.1,MEDIUM
36.5,97.6,82.7,71.8,9.9,68.4,LOW
42.4,30.7,98.5,49.3,6.9,66.7,LOW
55.0,65.8,13.6,91.4,3.3,40.2,MEDIUM
70.8,99.1,65.3,85.7,1.9,70.3,LOW
57.4,99.5,19.7,67.5,6.2,56.9,MEDIUM
88.2,42.8,15.8,68.5,2.6,47.7,MEDIUM
79.0,27.7,64.6,75.1,0.3,62.4,LOW
76.6,75.6,82.9,48.7,5.1,69.8,LOW
79.4,52.1,82.6,38.8,9.8,65.5,LOW
52.9,39.3,23.4,32.4,0.8,35.3,HIGH
38.2,28.6,50.4,31.9,0.7,41.9,MEDIUM
78.1,66.3,74.7,54.8,1.2,69.5,LOW
96.0,64.2,62.9,95.0,2.1,72.1,LOW
32.4,32.5,27.2,25.3,0.3,33.7,HIGH
47.7,34.9,54.8,72.7,4.0,53.7,MEDIUM
52.7,30.6,39.4,97.3,4.2,45.7,MEDIUM
94.1,65.3,73.0,20.6,7.8,75.0,LOW
59.1,59.0,99.0,31.9,8.8,66.2,LOW
72.3,96.6,91.7,77.7,4.2,88.8,LOW
74.2,76.9,82.0,49.8,0.0,70.0,LOW
87.7,60.1,29.0,46.6,6.6,56.8,MEDIUM
65.3,62.5,90.1,99.5,6.1,80.0,LOW
60.4,96.0,82.0,56.4,7.2,77.6,LOW
67.7,80.5,14.0,46.6,4.1,49.6,MEDIUM
85.4,58.0,89.0,94.3,9.1,83.2,LOW
46.2,45.2,63.2,55.9,3.0,55.0,MEDIUM
32.7,38.4,91.4,40.3,2.7,56.0,MEDIUM
32.8,96.2,50.4,51.8,4.3,65.5,LOW
86.2,41.9,83.3,63.7,4.2,68.6,LOW
96.7,83.6,67.6,44.5,6.0,66.4,LOW
99.2,37.1,69.5,43.0,1.2,56.2,MEDIUM
99.2,64.9,39.6,63.6,2.0,63.4,LOW
35.6,71.7,95.2,21.7,1.3,66.3,LOW
48.1,72.6,70.5,53.2,9.1,60.2,LOW
41.5,27.8,93.9,44.8,5.4,58.3,MEDIUM
34.8,98.6,88.6,88.2,0.0,71.7,LOW
84.5,83.6,95.0,97.2,1.1,85.4,LOW
38.5,81.3,80.2,57.2,1.2,68.0,LOW
49.5,26.7,81.0,48.3,3.9,49.1,MEDIUM
96.1,78.0,92.0,69.6,9.7,90.5,LOW
99.4,33.0,40.8,61.8,6.9,50.2,MEDIUM
99.4,80.6,41.6,47.2,3.9,67.7,LOW
37.2,61.0,83.1,37.0,1.9,60.5,LOW
84.1,79.8,16.0,99.4,2.3,60.9,LOW
93.9,59.6,79.4,51.0,6.4,67.5,LOW
32.9,56.2,10.3,48.4,9.9,43.4,MEDIUM
75.4,53.2,85.4,97.6,8.6,70.6,LOW
89.0,67.6,60.5,29.3,1.4,60.9,LOW
99.7,78.1,40.7,70.0,0.3,69.7,LOW
52.2,45.0,84.0,43.5,8.6,54.8,MEDIUM
51.0,97.1,22.3,40.7,3.8,44.7,MEDIUM
53.8,53.0,16.7,62.5,0.8,36.6,HIGH
51.0,21.8,98.3,46.2,7.1,66.4,LOW
95.2,68.2,86.6,49.0,1.0,70.5,LOW
53.4,91.1,26.4,37.0,8.0,47.9,MEDIUM
49.4,87.3,59.5,63.3,8.6,71.3,LOW
68.4,66.2,72.1,43.8,5.5,61.5,LOW
92.7,80.2,13.7,93.5,4.2,62.0,LOW
48.8,24.2,16.2,95.9,5.9,32.5,HIGH
63.4,57.5,42.5,63.4,2.6,54.2,MEDIUM
69.3,83.5,17.4,33.5,6.5,50.2,MEDIUM
90.7,70.5,11.5,37.5,7.1,43.7,MEDIUM
97.0,89.1,55.9,99.2,0.1,76.5,LOW
49.1,83.6,79.9,35.0,5.5,59.6,MEDIUM
44.8,73.4,27.3,62.2,3.4,46.4,MEDIUM
71.4,92.9,35.9,39.9,8.6,54.3,MEDIUM
59.4,71.9,54.8,98.2,4.1,60.9,LOW
47.7,30.3,26.6,71.3,1.2,40.5,MEDIUM
39.3,23.2,99.8,79.6,7.3,67.1,LOW
39.3,37.5,96.3,66.0,6.5,67.6,LOW
88.1,21.1,19.6,36.5,1.4,39.5,HIGH
85.0,89.5,39.3,52.9,6.6,67.3,LOW
61.0,36.1,67.2,36.5,3.5,57.9,MEDIUM
90.1,73.0,54.1,95.9,4.4,67.8,LOW
60.3,32.7,80.3,86.7,7.5,65.5,LOW
44.3,28.8,35.8,42.7,1.8,40.2,MEDIUM
63.1,81.0,15.9,56.4,3.0,44.0,MEDIUM
44.1,89.1,85.6,97.1,2.7,76.7,LOW
60.7,30.7,80.3,71.6,3.8,68.3,LOW
68.6,71.4,23.0,41.4,3.7,43.8,MEDIUM
36.9,89.0,56.5,44.8,4.0,51.1,MEDIUM
97.0,28.6,90.9,40.2,2.4,72.9,LOW
95.2,88.5,61.7,94.0,9.2,83.5,LOW
98.4,20.3,96.3,46.2,6.9,69.7,LOW
69.8,20.1,27.4,28.7,3.1,38.7,HIGH
47.6,84.4,62.8,70.3,6.7,73.9,LOW
69.6,48.6,44.2,70.0,8.9,53.7,MEDIUM
90.0,48.6,78.3,62.6,4.9,68.3,LOW
69.4,75.2,19.3,91.7,2.3,60.2,LOW
44.3,53.0,99.6,25.8,6.8,71.9,LOW
60.9,30.9,76.4,37.5,1.0,48.9,MEDIUM
94.3,52.7,99.2,71.4,8.9,88.2,LOW
36.5,93.9,65.1,27.5,2.5,60.5,LOW
82.2,95.1,31.7,58.1,2.8,56.1,MEDIUM
83.0,78.3,93.4,59.2,9.9,87.4,LOW
92.1,28.0,55.3,38.3,5.8,45.4,MEDIUM
78.7,94.8,77.8,64.5,1.6,81.0,LOW
98.6,65.7,70.1,35.4,8.2,65.8,LOW
33.2,34.4,84.5,35.8,2.9,44.6,MEDIUM
61.5,69.5,12.8,78.1,7.2,47.3,MEDIUM
83.0,80.9,85.1,54.5,6.9,83.6,LOW
41.1,50.2,25.4,22.8,1.8,39.5,HIGH
59.4,26.8,24.2,25.9,4.2,32.0,HIGH
79.0,33.3,74.2,77.1,8.8,66.6,LOW
93.1,67.3,96.6,66.8,3.3,80.2,LOW
88.0,67.5,69.4,37.2,4.5,61.3,LOW
88.6,55.6,38.4,68.5,9.3,64.8,LOW
88.5,35.7,36.6,81.8,4.6,47.5,MEDIUM
70.7,83.7,21.4,24.3,7.4,50.4,MEDIUM
90.0,64.8,45.5,72.0,7.1,69.5,LOW
33.7,34.4,88.8,83.9,2.4,53.0,MEDIUM
90.1,63.5,16.7,63.1,0.8,50.0,MEDIUM
36.5,40.9,59.4,86.2,0.4,51.3,MEDIUM
88.7,31.2,81.1,75.9,0.9,60.1,LOW
61.0,53.8,67.0,26.4,7.6,56.2,MEDIUM
77.7,99.4,40.4,22.6,0.1,50.4,MEDIUM
76.5,21.9,82.9,22.4,3.2,58.9,MEDIUM
86.6,66.9,17.4,35.2,9.5,43.7,MEDIUM
84.9,63.1,43.4,83.0,7.5,65.8,LOW
80.3,99.1,38.2,73.8,7.9,69.3,LOW
50.3,43.4,24.3,63.7,1.5,42.4,MEDIUM
67.8,43.0,57.0,81.4,1.5,62.4,LOW
50.2,69.7,13.8,50.4,0.4,39.0,HIGH
31.8,67.9,10.3,40.9,2.5,31.9,HIGH
53.9,48.9,56.4,62.4,4.1,55.2,MEDIUM
46.5,31.9,34.2,38.2,3.2,39.2,HIGH
55.6,85.7,80.7,50.0,0.4,71.9,LOW
73.8,24.2,28.7,52.8,8.6,44.0,MEDIUM
73.3,82.9,11.5,70.0,6.4,60.1,LOW
94.7,34.8,15.8,41.4,0.5,33.6,HIGH
57.4,86.8,21.2,64.5,5.3,45.0,MEDIUM
73.8,40.7,87.1,34.2,9.5,65.3,LOW
95.2,61.3,44.0,81.1,5.3,57.6,MEDIUM
48.7,32.4,15.9,75.7,6.2,34.6,HIGH
42.0,65.7,70.3,78.4,4.1,57.8,MEDIUM
47.0,53.6,74.5,49.5,7.3,60.4,LOW
45.0,44.8,80.0,26.6,8.7,61.7,LOW
50.4,98.6,45.1,48.4,7.5,65.6,LOW
90.6,23.4,46.3,38.3,6.8,46.8,MEDIUM
77.8,43.5,96.3,92.9,0.2,67.5,LOW
56.4,52.9,35.2,43.2,5.8,51.2,MEDIUM
65.4,93.4,79.5,78.5,3.7,78.8,LOW
65.1,34.3,98.4,46.5,9.7,67.3,LOW
88.2,24.9,71.9,23.0,6.9,48.9,MEDIUM
89.7,39.1,92.5,36.7,7.7,67.1,LOW
88.0,40.6,38.4,76.7,3.9,50.2,MEDIUM
39.9,28.2,18.5,68.0,5.3,37.9,HIGH
85.1,63.6,64.6,35.9,5.9,66.0,LOW
43.9,37.3,46.4,45.8,2.3,48.5,MEDIUM
89.8,77.9,96.1,93.5,6.1,88.2,LOW
83.1,46.2,45.0,56.9,5.0,53.5,MEDIUM
68.7,89.1,90.3,20.9,1.8,76.8,LOW
99.8,22.4,19.6,82.3,1.1,39.4,HIGH
71.8,93.9,32.0,50.2,4.7,62.2,LOW
48.5,42.7,98.1,29.6,7.2,61.4,LOW
30.2,69.7,29.2,49.4,7.9,39.2,HIGH
34.1,44.9,16.4,29.9,5.3,35.3,HIGH
50.1,63.1,30.3,51.8,4.8,52.0,MEDIUM
71.1,80.5,46.7,33.6,7.2,66.4,LOW
72.5,60.5,16.6,56.1,3.4,44.2,MEDIUM
36.5,94.7,72.6,88.6,2.9,71.4,LOW
58.5,79.8,84.7,70.4,7.8,73.2,LOW
64.5,51.6,49.2,83.3,0.5,58.9,MEDIUM
38.2,30.3,80.2,21.4,0.4,41.8,MEDIUM
99.3,61.6,28.3,51.2,8.8,50.7,MEDIUM
91.0,22.2,23.9,56.5,3.2,46.1,MEDIUM
37.0,34.0,29.7,91.8,3.6,46.9,MEDIUM
65.6,34.7,61.5,58.8,8.5,55.2,MEDIUM
69.3,92.2,65.9,98.7,8.3,75.6,LOW
97.4,29.3,37.4,64.4,7.9,61.3,LOW
84.6,47.4,31.4,89.0,9.1,61.4,LOW
67.0,52.6,29.1,71.6,6.1,44.5,MEDIUM
37.2,49.6,72.2,21.4,8.2,52.5,MEDIUM
99.5,66.5,15.8,43.1,5.7,58.3,MEDIUM
80.0,56.2,33.0,84.6,4.0,57.9,MEDIUM
70.1,95.4,47.9,70.0,8.1,75.1,LOW
76.0,86.4,67.8,80.8,7.5,79.2,LOW
83.3,88.3,18.1,61.8,1.5,59.6,MEDIUM
70.5,70.9,61.2,31.8,5.7,57.6,MEDIUM
84.1,91.0,61.3,83.4,8.6,85.1,LOW
92.3,28.7,85.5,84.6,2.2,73.8,LOW
84.3,54.4,60.8,96.9,0.5,68.5,LOW
31.6,64.6,24.0,71.2,4.6,42.5,MEDIUM
92.4,71.4,25.7,37.3,5.6,61.6,LOW
46.0,68.5,39.3,73.0,9.1,58.0,MEDIUM
92.9,61.6,69.2,64.9,0.2,73.1,LOW
49.9,20.2,41.0,52.6,6.6,48.3,MEDIUM
93.2,65.3,49.1,22.4,8.0,64.1,LOW
58.4,81.0,59.0,31.7,6.6,54.1,MEDIUM
68.5,65.8,41.0,70.4,9.2,55.1,MEDIUM
69.3,84.7,18.8,86.4,8.8,63.2,LOW
86.5,45.1,40.3,93.9,1.2,62.9,LOW
84.4,51.9,23.4,67.0,7.7,57.5,MEDIUM
49.0,91.9,86.9,86.6,1.6,81.0,LOW
30.1,73.4,56.3,68.0,9.1,57.1,MEDIUM
99.9,29.3,98.2,51.0,2.0,63.6,LOW
43.5,69.0,84.1,85.9,0.3,75.5,LOW
56.3,24.5,68.3,26.4,6.3,41.6,MEDIUM
81.6,24.3,46.7,34.2,6.3,42.2,MEDIUM
70.8,55.5,47.0,31.5,7.3,48.4,MEDIUM
49.6,21.3,54.6,55.4,2.8,38.7,HIGH
80.0,55.9,22.6,52.3,8.6,52.8,MEDIUM
71.7,47.6,60.0,27.4,8.7,59.3,MEDIUM
87.8,93.8,93.1,98.6,5.7,98.2,LOW
34.7,82.2,12.0,94.9,6.7,45.5,MEDIUM
97.9,35.9,50.8,27.1,1.3,58.0,MEDIUM
55.1,94.4,28.2,93.3,4.0,60.0,LOW
94.9,57.1,28.4,99.7,9.1,65.5,LOW
35.5,33.1,44.2,37.5,4.2,43.8,MEDIUM
98.6,45.4,52.1,63.7,9.8,61.8,LOW
43.3,55.8,90.2,63.6,3.1,66.8,LOW
80.8,33.5,62.1,23.8,8.6,50.8,MEDIUM
33.0,85.4,48.8,42.8,0.5,50.9,MEDIUM
77.7,86.6,45.9,62.7,9.3,73.8,LOW
81.9,60.0,56.2,93.2,0.8,70.8,LOW
74.7,90.3,90.5,67.1,8.3,77.0,LOW
43.5,61.6,97.6,33.7,5.5,69.8,LOW
